"","Site","GenusSpecies"
"3","Alapaha","Ilex glabra"
"4","Alapaha","Serenoa repens"
"5","Alapaha","Pteridium aquilinum"
"6","Alapaha","Gaylussacia dumosa"
"7","Alapaha","Lyonia lucida"
"8","Alapaha","Lyonia mariana"
"9","Alapaha","Vaccinium myrsinites"
"10","Alapaha","Lyonia fruticosa"
"11","Alapaha","Rhexia lutea"
"12","Alapaha","Morella cerifera"
"13","Alapaha","Pinus elliottii"
"14","Alapaha","Aristida stricta"
"15","Alapaha","Sporobolus curtissii"
"16","Alapaha","Andropogon virginicus"
"17","Alapaha","Ctenium aromaticum"
"18","Alapaha","Prunus virginiana"
"19","Alapaha","Acer rubrum"
"20","Alapaha","Smilax laurifolia"
"21","Alapaha","Symplocos tinctoria"
"22","Alapaha","Quercus NA"
"52","Alapaha","Quercus pumila"
"54","Alapaha","Rhexia mariana"
"57","Alapaha","Lyonia NA"
"78","Alapaha","Pityopsis graminifolia"
"79","Alapaha","Carphephorus odoratissimus"
"80","Alapaha","Helianthus radula"
"81","Alapaha","Elephantopus elatus"
"82","Alapaha","Erigeron canadensis"
"83","Alapaha","Pterocaulon virgatum"
"87","Alapaha","Eriocaulon lineare"
"88","Alapaha","Sabatia brevifolia"
"89","Alapaha","Tephrosia virginiana"
"98","Alapaha","Sorghastrum secundum"
"99","Alapaha","Schizachyrium scoparium"
"100","Alapaha","Schizachyrium tenerum"
"101","Alapaha","Rubus cuneifolius"
"105","Alapaha","Eupatorium NA"
"107","Alapaha","Panicum NA"
"141","Alapaha","Bigelowia nudata"
"147","Alapaha","Lachnocaulon anceps"
"148","Alapaha","Persea borbonia"
"153","Alapaha","Sporobolus floridanus"
"155","Alapaha","Panicum virgatum"
"157","Alapaha","Sarracenia flava"
"202","Alapaha","Pityopsis aspera"
"207","Alapaha","Nyssa sylvatica"
"215","Alapaha","Tragia urens"
"216","Alapaha","Chamaecrista nictitans"
"217","Alapaha","Baptisia tinctoria"
"218","Alapaha","Desmodium ciliare"
"230","Alapaha","Aristida purpurascens"
"233","Alapaha","Liatris NA"
"237","Alapaha","Sapindus NA"
"238","Alapaha","Scutellaria NA"
"239","Alapaha","Solidago NA"
"240","Alapaha","Vitis NA"
"301","Alapaha","Vaccinium corymbosum"
"308","Alapaha","Seymeria cassioides"
"315","Alapaha","Dactyloctenium aegyptium"
"321","Alapaha","Iris NA"
"322","Alapaha","Lycopodium NA"
"325","Alapaha","Sarracenia NA"
"361","Alapaha","Rhus copallinum"
"376","Alapaha","Hypericum mutilum"
"378","Alapaha","Rhynchosia reniformis"
"388","Alapaha","Eragrostis refracta"
"390","Alapaha","Andropogon ternarius"
"395","Alapaha","Asclepias NA"
"438","Alapaha","Ilex myrtifolia"
"2863","ChimneySpring","Chenopodium incisum"
"2865","ChimneySpring","Echeandia flavescens"
"2866","ChimneySpring","Solidago velutina"
"2867","ChimneySpring","Cirsium wheeleri"
"2870","ChimneySpring","Pseudognaphalium macounii"
"2872","ChimneySpring","Artemisia ludoviciana"
"2873","ChimneySpring","Laennecia schiedeana"
"2874","ChimneySpring","Packera multilobata"
"2875","ChimneySpring","Carex occidentalis"
"2877","ChimneySpring","Iris missouriensis"
"2878","ChimneySpring","Ottleya wrightii"
"2879","ChimneySpring","Lupinus argenteus"
"2882","ChimneySpring","Oxytropis lambertii"
"2883","ChimneySpring","Trifolium longipes"
"2884","ChimneySpring","Vicia americana"
"2887","ChimneySpring","Pinus ponderosa"
"2889","ChimneySpring","Linaria dalmatica"
"2890","ChimneySpring","Muhlenbergia montana"
"2891","ChimneySpring","Festuca arizonica"
"2893","ChimneySpring","Elymus elymoides"
"2896","ChimneySpring","Poa fendleriana"
"2898","ChimneySpring","Muhlenbergia ramulosa"
"2899","ChimneySpring","Polygonum douglasii"
"2900","ChimneySpring","Ceanothus fendleri"
"2902","ChimneySpring","Rosa woodsii"
"2903","ChimneySpring","Unidentified species"
"2908","ChimneySpring","Cymopterus lemmonii"
"2931","ChimneySpring","Thalictrum fendleri"
"2945","ChimneySpring","Antennaria parvifolia"
"2949","ChimneySpring","Achillea millefolium"
"2951","ChimneySpring","Erigeron divergens"
"2954","ChimneySpring","Ipomoea plummerae"
"2957","ChimneySpring","Cyperus fendlerianus"
"2962","ChimneySpring","Astragalus humistratus"
"2964","ChimneySpring","Epilobium brachycarpum"
"2969","ChimneySpring","Penstemon virgatus"
"2980","ChimneySpring","Bromus ciliatus"
"2981","ChimneySpring","Blepharoneuron tricholepis"
"2983","ChimneySpring","Eriogonum racemosum"
"2993","ChimneySpring","Drymaria leptophylla"
"3028","ChimneySpring","Potentilla diversifolia"
"3030","ChimneySpring","Houstonia wrightii"
"3039","ChimneySpring","Nama dichotoma"
"3041","ChimneySpring","Arenaria lanuginosa"
"3050","ChimneySpring","Hieracium fendleri"
"3052","ChimneySpring","Symphyotrichum falcatum"
"3058","ChimneySpring","Senecio eremophilus"
"3059","ChimneySpring","Taraxacum campylodes"
"3062","ChimneySpring","Euphorbia serpyllifolia"
"3063","ChimneySpring","Geranium caespitosum"
"3088","ChimneySpring","Muhlenbergia wrightii"
"3092","ChimneySpring","Potentilla crinita"
"3096","ChimneySpring","Verbascum thapsus"
"3097","ChimneySpring","Erigeron NA"
"3102","ChimneySpring","Chenopodium fremontii"
"3125","ChimneySpring","Senecio actinella"
"3173","ChimneySpring","Lithospermum multiflorum"
"3174","ChimneySpring","Pennellia longifolia"
"3185","ChimneySpring","Heliomeris multiflora"
"3218","ChimneySpring","Chondrosum gracile"
"3261","ChimneySpring","Tragia ramosa"
"3310","ChimneySpring","Heterotheca villosa"
"3328","ChimneySpring","Linum australe"
"3404","ChimneySpring","Poa pratensis"
"3432","ChimneySpring","Erigeron flagellaris"
"3436","ChimneySpring","Antennaria rosulata"
"3502","ChimneySpring","Hymenoxys bigelovii"
"3508","ChimneySpring","Cologania angustifolia"
"3553","ChimneySpring","Lupinus kingii"
"3655","ChimneySpring","Amauriopsis dissecta"
"3677","ChimneySpring","Oxalis caerulea"
"3697","ChimneySpring","Koeleria macrantha"
"3780","ChimneySpring","Tragopogon dubius"
"4001","ChimneySpring","Geum triflorum"
"10246","JosephJones","Dyschoriste oblongifolia"
"10247","JosephJones","Ruellia caroliniensis"
"10248","JosephJones","Toxicodendron pubescens"
"10249","JosephJones","Rhus copallinum"
"10250","JosephJones","Toxicodendron radicans"
"10251","JosephJones","Asimina angustifolia"
"10252","JosephJones","Eryngium yuccifolium"
"10253","JosephJones","Asclepias michauxii"
"10254","JosephJones","Asclepias amplexicaulis"
"10255","JosephJones","Asclepias verticillata"
"10256","JosephJones","Ilex glabra"
"10257","JosephJones","Serenoa repens"
"10258","JosephJones","Aristolochia serpentaria"
"10259","JosephJones","Lithospermum caroliniense"
"10260","JosephJones","Opuntia humifusa"
"10261","JosephJones","Lonicera japonica"
"10262","JosephJones","Paronychia rugelii"
"10263","JosephJones","Stipulicida setacea"
"10264","JosephJones","Licania michauxii"
"10265","JosephJones","Lechea minor"
"10266","JosephJones","Helianthemum carolinianum"
"10267","JosephJones","Helianthemum rosmarinifolium"
"10268","JosephJones","Commelina erecta"
"10269","JosephJones","Tradescantia hirsutiflora"
"10270","JosephJones","Pityopsis graminifolia"
"10271","JosephJones","Vernonia angustifolia"
"10272","JosephJones","Symphyotrichum concolor"
"10273","JosephJones","Solidago odora"
"10274","JosephJones","Symphyotrichum adnatum"
"10275","JosephJones","Chrysopsis mariana"
"10276","JosephJones","Symphyotrichum dumosum"
"10277","JosephJones","Eupatorium compositifolium"
"10278","JosephJones","Sericocarpus tortifolius"
"10279","JosephJones","Eupatorium hyssopifolium"
"10281","JosephJones","Liatris tenuifolia"
"10282","JosephJones","Solidago tortifolia"
"10283","JosephJones","Elephantopus elatus"
"10284","JosephJones","Hieracium gronovii"
"10285","JosephJones","Helianthus radula"
"10286","JosephJones","Carphephorus odoratissimus"
"10287","JosephJones","Erechtites hieraciifolius"
"10288","JosephJones","Liatris pilosa"
"10289","JosephJones","Pterocaulon pycnostachyum"
"10290","JosephJones","Rudbeckia hirta"
"10291","JosephJones","Helianthus angustifolius"
"10292","JosephJones","Ionactis linariifolia"
"10293","JosephJones","Lygodesmia aphylla"
"10294","JosephJones","Ageratina aromatica"
"10295","JosephJones","Erigeron canadensis"
"10296","JosephJones","Pseudognaphalium obtusifolium"
"10297","JosephJones","Solidago stricta"
"10298","JosephJones","Ambrosia artemisiifolia"
"10299","JosephJones","Brickellia eupatorioides"
"10300","JosephJones","Cirsium horridulum"
"10301","JosephJones","Erigeron strigosus"
"10302","JosephJones","Eupatorium album"
"10303","JosephJones","Lactuca canadensis"
"10304","JosephJones","Stylisma humistrata"
"10305","JosephJones","Ipomoea pandurata"
"10306","JosephJones","Rhynchospora harveyi"
"10307","JosephJones","Scleria ciliata"
"10308","JosephJones","Bulbostylis ciliatifolia"
"10309","JosephJones","Cyperus filiculmis"
"10310","JosephJones","Cyperus plukenetii"
"10311","JosephJones","Pteridium aquilinum"
"10312","JosephJones","Diospyros virginiana"
"10313","JosephJones","Gaylussacia dumosa"
"10314","JosephJones","Vaccinium myrsinites"
"10315","JosephJones","Vaccinium arboreum"
"10316","JosephJones","Vaccinium stamineum"
"10317","JosephJones","Gaylussacia frondosa"
"10318","JosephJones","Vaccinium corymbosum"
"10319","JosephJones","Tragia urens"
"10320","JosephJones","Croton argyranthemus"
"10321","JosephJones","Euphorbia pubentissima"
"10322","JosephJones","Acalypha gracilens"
"10323","JosephJones","Cnidoscolus urens"
"10324","JosephJones","Stillingia sylvatica"
"10325","JosephJones","Tragia smallii"
"10326","JosephJones","Quercus laevis"
"10327","JosephJones","Quercus virginiana"
"10328","JosephJones","Quercus margarettae"
"10329","JosephJones","Quercus laurifolia"
"10330","JosephJones","Quercus incana"
"10331","JosephJones","Quercus falcata"
"10332","JosephJones","Quercus geminata"
"10333","JosephJones","Quercus nigra"
"10334","JosephJones","Gelsemium sempervirens"
"10335","JosephJones","Hypericum hypericoides"
"10336","JosephJones","Hypericum gentianoides"
"10337","JosephJones","Hypericum mutilum"
"10338","JosephJones","Hypericum suffruticosum"
"10339","JosephJones","Hypoxis wrightii"
"10340","JosephJones","Sisyrinchium xerophyllum"
"10341","JosephJones","Carya glabra"
"10342","JosephJones","Dicerandra linearifolia"
"10343","JosephJones","Scutellaria integrifolia"
"10344","JosephJones","Trichostema setaceum"
"10345","JosephJones","Sassafras albidum"
"10346","JosephJones","Clitoria mariana"
"10347","JosephJones","Mimosa quadrivalvis"
"10348","JosephJones","Rhynchosia reniformis"
"10349","JosephJones","Galactia regularis"
"10350","JosephJones","Stylosanthes biflora"
"10351","JosephJones","Chamaecrista nictitans"
"10352","JosephJones","Galactia erecta"
"10353","JosephJones","Galactia mollis"
"10354","JosephJones","Lespedeza repens"
"10355","JosephJones","Crotalaria rotundifolia"
"10356","JosephJones","Strophostyles umbellata"
"10357","JosephJones","Tephrosia florida"
"10358","JosephJones","Centrosema virginianum"
"10359","JosephJones","Lespedeza angustifolia"
"10360","JosephJones","Crotalaria purshii"
"10361","JosephJones","Desmodium lineatum"
"10362","JosephJones","Desmodium floridanum"
"10363","JosephJones","Desmodium marilandicum"
"10364","JosephJones","Desmodium strictum"
"10365","JosephJones","Orbexilum lupinellum"
"10366","JosephJones","Lespedeza procumbens"
"10367","JosephJones","Tephrosia virginiana"
"10368","JosephJones","Dalea carnea"
"10369","JosephJones","Desmodium viridiflorum"
"10370","JosephJones","Lespedeza virginica"
"10371","JosephJones","Linum floridanum"
"10372","JosephJones","Rhexia alifanus"
"10373","JosephJones","Morella cerifera"
"10374","JosephJones",NA
"10375","JosephJones","Gaura filipes"
"10376","JosephJones","Habenaria quinqueseta"
"10377","JosephJones","Seymeria cassioides"
"10378","JosephJones","Piriqueta cistoides"
"10379","JosephJones","Passiflora edulis"
"10380","JosephJones","Pinus palustris"
"10381","JosephJones","Pinus elliottii"
"10382","JosephJones","Penstemon australis"
"10383","JosephJones","Aristida stricta"
"10384","JosephJones","Andropogon virginicus"
"10385","JosephJones","Muhlenbergia capillaris"
"10386","JosephJones","Panicum aciculare"
"10387","JosephJones","Panicum virgatum"
"10388","JosephJones","Sorghastrum secundum"
"10389","JosephJones","Schizachyrium tenerum"
"10390","JosephJones","Panicum ovale"
"10391","JosephJones","Anthaenantia villosa"
"10392","JosephJones","Sorghastrum nutans"
"10393","JosephJones","Sporobolus compositus"
"10394","JosephJones","Triplasis americana"
"10395","JosephJones","Aristida purpurascens"
"10396","JosephJones","Panicum dichotomum"
"10397","JosephJones","Paspalum setaceum"
"10398","JosephJones","Sporobolus floridanus"
"10399","JosephJones","Sporobolus junceus"
"10400","JosephJones","Eragrostis spectabilis"
"10401","JosephJones","Panicum strigosum"
"10402","JosephJones","Eustachys floridana"
"10403","JosephJones","Panicum acuminatum"
"10404","JosephJones","Panicum sphaerocarpon"
"10405","JosephJones","Paspalum bifidum"
"10406","JosephJones","Paspalum floridanum"
"10407","JosephJones","Elionurus tripsacoides"
"10408","JosephJones","Gymnopogon ambiguus"
"10409","JosephJones","Saccharum alopecuroides"
"10410","JosephJones","Phlox floridana"
"10411","JosephJones","Polygala nana"
"10412","JosephJones","Polygala grandiflora"
"10413","JosephJones","Eriogonum tomentosum"
"10414","JosephJones","Polygonella gracilis"
"10415","JosephJones","Rubus cuneifolius"
"10416","JosephJones","Prunus serotina"
"10417","JosephJones","Crataegus flava"
"10418","JosephJones","Prunus caroliniana"
"10419","JosephJones","Prunus umbellata"
"10420","JosephJones","Rubus flagellaris"
"10421","JosephJones","Prunus americana"
"10422","JosephJones","Prunus angustifolia"
"10423","JosephJones","Rubus trivialis"
"10424","JosephJones","Houstonia procumbens"
"10425","JosephJones","Galium pilosum"
"10426","JosephJones","Houstonia pusilla"
"10427","JosephJones","Diodella teres"
"10428","JosephJones","Sideroxylon lanuginosum"
"10429","JosephJones","Smilax auriculata"
"10430","JosephJones","Smilax maritima"
"10431","JosephJones","Smilax bona-nox"
"10432","JosephJones","Smilax glauca"
"10433","JosephJones","Smilax pumila"
"10434","JosephJones","Physalis heterophylla"
"10435","JosephJones","Physalis walteri"
"10436","JosephJones","Polypremum procumbens"
"10437","JosephJones","Verbena carnea"
"10438","JosephJones","Viola villosa"
"10439","JosephJones","Viola palmata"
"10440","JosephJones","Vitis rotundifolia"
"10441","JosephJones","Parthenocissus quinquefolia"
"10442","JosephJones","Vitis cinerea"
"10443","JosephJones","Agrimonia NA"
"10451","JosephJones","Asclepias tuberosa"
"10453","JosephJones","Onosmodium virginianum"
"10482","JosephJones","Eupatorium semiserratum"
"10488","JosephJones","Chrysopsis gossypina"
"10489","JosephJones","Liatris elegans"
"10511","JosephJones","Tragia urticifolia"
"10512","JosephJones","Euphorbia cordifolia"
"10513","JosephJones","Croton glandulosus"
"10545","JosephJones","Zornia bracteata"
"10549","JosephJones","Desmodium rigidum"
"10550","JosephJones","Dalea pinnata"
"10552","JosephJones","Desmodium laevigatum"
"10559","JosephJones","Agalinis obtusifolia"
"10584","JosephJones","Panicum portoricense"
"10585","JosephJones","Tridens carolinianus"
"10587","JosephJones","Panicum ensifolium"
"10591","JosephJones","Polygala incarnata"
"54329","Limestone","Cymopterus lemmonii"
"54331","Limestone","Antennaria marginata"
"54332","Limestone","Antennaria parvifolia"
"54333","Limestone","Hieracium fendleri"
"54334","Limestone","Solidago velutina"
"54338","Limestone","Senecio actinella"
"54340","Limestone","Carex occidentalis"
"54342","Limestone","Quercus gambelii"
"54343","Limestone","Ottleya wrightii"
"54345","Limestone","Malaxis macrostachya"
"54349","Limestone","Pinus ponderosa"
"54351","Limestone","Festuca arizonica"
"54353","Limestone","Muhlenbergia montana"
"54355","Limestone","Koeleria macrantha"
"54356","Limestone","Elymus elymoides"
"54359","Limestone","Poa fendleriana"
"54360","Limestone","Ceanothus fendleri"
"54366","Limestone","Thlaspi montanum"
"54368","Limestone","Pennellia longifolia"
"54371","Limestone","Cirsium wheeleri"
"54375","Limestone","Hymenopappus mexicanus"
"54378","Limestone","Cologania angustifolia"
"54381","Limestone","Medicago lupulina"
"54393","Limestone","Schizachyrium scoparium"
"54398","Limestone","Potentilla crinita"
"54399","Limestone","Houstonia wrightii"
"54400","Limestone","Saxifraga rhomboidea"
"54402","Limestone","Unidentified species"
"54409","Limestone","Draba asprella"
"54410","Limestone","Drymaria leptophylla"
"54411","Limestone","Commelina dianthifolia"
"54413","Limestone","Heterotheca villosa"
"54419","Limestone","Packera neomexicana"
"54428","Limestone","Erigeron divergens"
"54430","Limestone","Ipomoea plummerae"
"54431","Limestone","Cyperus fendlerianus"
"54433","Limestone","Geranium caespitosum"
"54434","Limestone","Vicia americana"
"54436","Limestone","Lupinus argenteus"
"54439","Limestone","Astragalus tephrodes"
"54445","Limestone","Plantago patagonica"
"54447","Limestone","Penstemon virgatus"
"54458","Limestone","Blepharoneuron tricholepis"
"54459","Limestone","Gilia aggregata"
"54461","Limestone","Thalictrum fendleri"
"54464","Limestone","Verbascum thapsus"
"54465","Limestone","Erigeron NA"
"54472","Limestone","Lithospermum multiflorum"
"54493","Limestone","Pedicularis centranthera"
"54514","Limestone","Polygonum douglasii"
"54526","Limestone","Echeandia flavescens"
"54530","Limestone","Pseudognaphalium macounii"
"54535","Limestone","Artemisia ludoviciana"
"54546","Limestone","Heliomeris multiflora"
"54551","Limestone","Euphorbia brachycera"
"54571","Limestone","Chondrosum gracile"
"54574","Limestone","Muhlenbergia ramulosa"
"54591","Limestone","Hesperidanthus linearifolius"
"54595","Limestone","Tradescantia pinetorum"
"54603","Limestone","Taraxacum campylodes"
"54605","Limestone","Erigeron speciosus"
"54606","Limestone","Achillea millefolium"
"54613","Limestone","Hymenoxys bigelovii"
"54625","Limestone","Oxytropis lambertii"
"54639","Limestone","Piptochaetium pringlei"
"54646","Limestone","Poa pratensis"
"54703","Limestone","Chenopodium vulvaria"
"54709","Limestone","Silene laciniata"
"54711","Limestone","Arenaria lanuginosa"
"54718","Limestone","Symphyotrichum falcatum"
"54726","Limestone","Erigeron formosissimus"
"54790","Limestone","Gayophytum racemosum"
"54806","Limestone","Rumex acetosella"
"54954","Limestone","Panicum bulbosum"
"54997","Limestone","Euphorbia serpyllifolia"
"55007","Limestone","Linum australe"
"55008","Limestone","Oenothera laciniata"
"55031","Limestone","Agrostis scabra"
"55032","Limestone","Aristida arizonica"
"55069","Limestone","Tragopogon dubius"
"55072","Limestone","Amauriopsis dissecta"
"55106","Limestone","Bromus tectorum"
"55120","Limestone","Chenopodium incisum"
"55123","Limestone","Phacelia heterophylla"
"55313","Limestone","Erigeron tracyi"
"55339","Limestone","Portulaca oleracea"
"55438","Limestone","Oxalis caerulea"
"62194","TallTimbers","Liquidambar styraciflua"
"62195","TallTimbers","Toxicodendron radicans"
"62196","TallTimbers","Asclepias tuberosa"
"62197","TallTimbers","Ilex opaca"
"62198","TallTimbers","Ilex vomitoria"
"62199","TallTimbers","Asplenium platyneuron"
"62200","TallTimbers","Campsis radicans"
"62201","TallTimbers","Vernonia gigantea"
"62202","TallTimbers","Elephantopus elatus"
"62203","TallTimbers","Silphium asteriscus"
"62204","TallTimbers","Solidago odora"
"62205","TallTimbers","Cornus florida"
"62206","TallTimbers","Nyssa sylvatica"
"62207","TallTimbers","Carex floridana"
"62208","TallTimbers","Diospyros virginiana"
"62209","TallTimbers","Tragia urens"
"62210","TallTimbers","Cnidoscolus urens"
"62211","TallTimbers","Quercus nigra"
"62212","TallTimbers","Quercus phellos"
"62213","TallTimbers","Quercus virginiana"
"62214","TallTimbers","Quercus falcata"
"62215","TallTimbers","Quercus hemisphaerica"
"62216","TallTimbers","Quercus stellata"
"62217","TallTimbers","Quercus michauxii"
"62218","TallTimbers","Gelsemium sempervirens"
"62219","TallTimbers","Gentiana villosa"
"62220","TallTimbers","Carya alba"
"62221","TallTimbers","Carya cordiformis"
"62222","TallTimbers","Carya glabra"
"62223","TallTimbers","Callicarpa americana"
"62224","TallTimbers","Sassafras albidum"
"62225","TallTimbers","Clitoria mariana"
"62226","TallTimbers","Desmodium glabellum"
"62227","TallTimbers","Erythrina herbacea"
"62228","TallTimbers","Magnolia grandiflora"
"62229","TallTimbers","Aureolaria flava"
"62230","TallTimbers","Pinus taeda"
"62231","TallTimbers","Pinus echinata"
"62232","TallTimbers","Chasmanthium laxum"
"62233","TallTimbers","Panicum aciculare"
"62234","TallTimbers","Panicum commutatum"
"62235","TallTimbers","Panicum ovale"
"62236","TallTimbers","Saccharum brevibarbe"
"62237","TallTimbers","Pleopeltis polypodioides"
"62238","TallTimbers","Prunus serotina"
"62239","TallTimbers","Malus angustifolia"
"62240","TallTimbers","Mitchella repens"
"62241","TallTimbers","Acer rubrum"
"62242","TallTimbers","Smilax bona-nox"
"62243","TallTimbers","Smilax tamnoides"
"62244","TallTimbers","Smilax glauca"
"62245","TallTimbers","Smilax maritima"
"62246","TallTimbers","Vitis rotundifolia"
"62247","TallTimbers","Ampelopsis arborea"
"62248","TallTimbers","Parthenocissus quinquefolia"
"62250","TallTimbers","Rhus copallinum"
"62252","TallTimbers","Asimina parviflora"
"62254","TallTimbers","Aristolochia serpentaria"
"62255","TallTimbers","Celtis laevigata"
"62256","TallTimbers","Eupatorium hyssopifolium"
"62260","TallTimbers","Scleria ciliata"
"62262","TallTimbers","Vaccinium stamineum"
"62272","TallTimbers","Hypericum hypericoides"
"62277","TallTimbers","Desmodium laevigatum"
"62278","TallTimbers","Desmodium paniculatum"
"62279","TallTimbers","Chamaecrista nictitans"
"62281","TallTimbers","Desmodium perplexum"
"62282","TallTimbers","Galactia regularis"
"62283","TallTimbers","Rhynchosia difformis"
"62284","TallTimbers","Tephrosia spicata"
"62286","TallTimbers","Morella cerifera"
"62290","TallTimbers","Saccharum alopecuroides"
"62291","TallTimbers","Andropogon ternarius"
"62294","TallTimbers","Panicum ravenelii"
"62295","TallTimbers","Eragrostis spectabilis"
"62296","TallTimbers","Oplismenus hirtellus"
"62297","TallTimbers","Panicum anceps"
"62298","TallTimbers","Sporobolus clandestinus"
"62301","TallTimbers","Prunus caroliniana"
"62303","TallTimbers","Rubus trivialis"
"62304","TallTimbers","Galium bermudense"
"62305","TallTimbers","Galium pilosum"
"62306","TallTimbers","Galium uniflorum"
"62313","TallTimbers","Physalis arenicola"
"62318","TallTimbers","Asclepias variegata"
"62325","TallTimbers","Scleria oligantha"
"62327","TallTimbers","Vaccinium arboreum"
"62328","TallTimbers","Vaccinium elliottii"
"62348","TallTimbers","Sorghastrum elliottii"
"62362","TallTimbers","Sanicula canadensis"
"62367","TallTimbers","Commelina erecta"
"62368","TallTimbers","Ageratina aromatica"
"62369","TallTimbers","Helianthus hirsutus"
"62370","TallTimbers","Solidago canadensis"
"62372","TallTimbers","Chrysopsis mariana"
"62374","TallTimbers","Eupatorium compositifolium"
"62376","TallTimbers","Helianthus angustifolius"
"62377","TallTimbers","Smallanthus uvedalia"
"62378","TallTimbers","Solidago nemoralis"
"62380","TallTimbers","Ambrosia artemisiifolia"
"62381","TallTimbers","Brickellia eupatorioides"
"62382","TallTimbers","Conoclinium coelestinum"
"62383","TallTimbers","Elephantopus carolinianus"
"62384","TallTimbers","Hieracium gronovii"
"62385","TallTimbers","Lactuca graminifolia"
"62386","TallTimbers","Ipomoea pandurata"
"62391","TallTimbers","Cyperus filiculmis"
"62392","TallTimbers","Cyperus plukenetii"
"62393","TallTimbers","Cyperus retrorsus"
"62394","TallTimbers","Rhynchospora harveyi"
"62396","TallTimbers","Scleria triglomerata"
"62401","TallTimbers","Acalypha gracilens"
"62402","TallTimbers","Euphorbia nutans"
"62403","TallTimbers","Ditrysinia fruticosa"
"62410","TallTimbers","Hypoxis sessilis"
"62417","TallTimbers","Desmodium rigidum"
"62420","TallTimbers","Lespedeza angustifolia"
"62421","TallTimbers","Lespedeza procumbens"
"62424","TallTimbers","Crotalaria spectabilis"
"62425","TallTimbers","Desmodium ciliare"
"62426","TallTimbers","Desmodium fernaldii"
"62427","TallTimbers","Desmodium floridanum"
"62428","TallTimbers","Desmodium marilandicum"
"62430","TallTimbers","Lespedeza repens"
"62431","TallTimbers","Lespedeza stuevei"
"62432","TallTimbers","Lespedeza virginica"
"62435","TallTimbers","Botrychium dissectum"
"62437","TallTimbers","Oxalis dillenii"
"62438","TallTimbers","Passiflora edulis"
"62442","TallTimbers","Andropogon glomeratus"
"62443","TallTimbers","Andropogon gyrans"
"62444","TallTimbers","Andropogon virginicus"
"62445","TallTimbers","Aristida purpurascens"
"62450","TallTimbers","Tridens flavus"
"62453","TallTimbers","Panicum laxiflorum"
"62454","TallTimbers","Panicum sphaerocarpon"
"62455","TallTimbers","Digitaria villosa"
"62457","TallTimbers","Gymnopogon ambiguus"
"62458","TallTimbers","Paspalum floridanum"
"62459","TallTimbers","Paspalum setaceum"
"62461","TallTimbers","Setaria corrugata"
"62462","TallTimbers","Setaria pumila"
"62463","TallTimbers","Sorghastrum nutans"
"62465","TallTimbers","Ceanothus americanus"
"62466","TallTimbers","Rubus cuneifolius"
"62467","TallTimbers","Rubus argutus"
"62468","TallTimbers","Rubus flagellaris"
"62470","TallTimbers","Prunus angustifolia"
"62479","TallTimbers","Verbena brasiliensis"
"62482","TallTimbers","Vitis cinerea"
"62486","TallTimbers","Lechea minor"
"62494","TallTimbers","Pityopsis graminifolia"
"62495","TallTimbers","Solidago brachyphylla"
"62497","TallTimbers","Symphyotrichum lateriflorum"
"62498","TallTimbers","Jacquemontia tamnifolia"
"62508","TallTimbers","Croton glandulosus"
"62516","TallTimbers","Trichostema dichotomum"
"62520","TallTimbers","Centrosema virginianum"
"62521","TallTimbers","Chamaecrista fasciculata"
"62573","TallTimbers","Xylorhiza tortifolia"
"62579","TallTimbers","Liatris pilosa"
"62601","TallTimbers","Desmodium lineatum"
"62604","TallTimbers","Mimosa quadrivalvis"
"62614","TallTimbers","Strophostyles umbellata"
"62615","TallTimbers","Stylosanthes biflora"
"62618","TallTimbers","Piriqueta cistoides"
"62632","TallTimbers","Paspalum laeve"
"62637","TallTimbers","Polygala polygama"
"62649","TallTimbers","Gonolobus suberosus"
"62651","TallTimbers","Aralia spinosa"
"62660","TallTimbers","Bidens bipinnata"
"62664","TallTimbers","Fleischmannia incarnata"
"62672","TallTimbers","Symphyotrichum dumosum"
"62678","TallTimbers","Melothria pendula"
"62686","TallTimbers","Monotropa uniflora"
"62690","TallTimbers","Euphorbia pubentissima"
"62692","TallTimbers","Tragia urticifolia"
"62713","TallTimbers","Desmodium nuttallii"
"62717","TallTimbers","Senna obtusifolia"
"62720","TallTimbers","Fraxinus americana"
"62757","TallTimbers","Glandularia canadensis"
"62758","TallTimbers","Viola sororia"
"62762","TallTimbers","Cyperus NA"
"62763","TallTimbers","Ruellia caroliniensis"
"62769","TallTimbers","Asclepias verticillata"
"62770","TallTimbers","Helianthemum carolinianum"
"62818","TallTimbers","Lespedeza hirta"
"62862","TallTimbers","Smilax pumila"
"62870","TallTimbers","Bignonia capreolata"
"62883","TallTimbers","Dioscorea villosa"
"62891","TallTimbers","Quercus alba"
"62917","TallTimbers","Morus rubra"
"62923","TallTimbers","Schizachyrium tenerum"
"62970","TallTimbers","Cuscuta indecora"
"63005","TallTimbers","Crotalaria rotundifolia"
"63032","TallTimbers","Paspalum plicatulum"
"63036","TallTimbers","Panicum oligosanthes"
"63046","TallTimbers","Polygala grandiflora"
"63059","TallTimbers","Asclepias amplexicaulis"
"63077","TallTimbers","Bulbostylis ciliatifolia"
"63081","TallTimbers","Rhynchospora globularis"
"63102","TallTimbers","Dalea pinnata"
"63106","TallTimbers","Desmodium strictum"
"63111","TallTimbers","Hibiscus aculeatus"
"63112","TallTimbers","Habenaria quinqueseta"
"63113","TallTimbers","Buchnera americana"
"63115","TallTimbers","Pinus palustris"
"63122","TallTimbers","Eragrostis refracta"
"63139","TallTimbers","Diodella teres"
"63141","TallTimbers","Houstonia procumbens"
"63181","TallTimbers","Quercus marilandica"
"63251","TallTimbers","Viburnum nudum"
"63255","TallTimbers","Manfreda virginica"
"63269","TallTimbers","Erigeron strigosus"
"63288","TallTimbers","Euphorbia maculata"
"63325","TallTimbers","Agalinis fasciculata"
"63342","TallTimbers","Heteropogon melanocarpus"
"63373","TallTimbers","Lechea pulchella"
"63433","TallTimbers","Paspalum notatum"
"63441","TallTimbers","Panicum dichotomum"
"63447","TallTimbers","Sporobolus junceus"
"63464","TallTimbers","Cirsium horridulum"
"63475","TallTimbers","Verbesina virginica"
"63578","Tiogo","Cochlospermum planchonii"
"63579","Tiogo","Andropogon chinensis"
"63580","Tiogo","Andropogon pseudapricus"
"63581","Tiogo","Loudetia togoensis"
"63582","Tiogo","Schizachyrium exile"
"63583","Tiogo","Andropogon gayanus"
"63584","Tiogo","Ophiuros exaltatus"
"63585","Tiogo","Tripogon minimus"
"63586","Tiogo","Brachiaria villosa"
"63587","Tiogo","Cymbopogon schoenanthus"
"63588","Tiogo","Hackelochloa granularis"
"63589","Tiogo","Microchloa indica"
"63590","Tiogo","Diheteropogon hagerupii"
"63591","Tiogo","Sida spinosa"
"63593","Tiogo","Euclasta condylotricha"
"63596","Tiogo","Pennisetum pedicellatum"
"63600","Tiogo","Oldenlandia corymbosa"
"63601","Tiogo","Lepidagathis anobrya"
"63603","Tiogo","Cucumis metuliferus"
"63604","Tiogo","Scoparia dulcis"
"63611","Tiogo","Andropogon fastigiatus"
"63613","Tiogo","Monechma ciliatum"
"63615","Tiogo","Cyanotis lanata"
"63616","Tiogo","Kalanchoe crenata"
"63617","Tiogo","Curculigo pilosa"
"63623","Tiogo","Polygala arenaria"
"63624","Tiogo","Spermacoce stachydea"
"63625","Tiogo","Crotalaria naragutensis"
"63641","Tiogo","Brachiaria deflexa"
"63642","Tiogo","Digitaria horizontalis"
"63643","Tiogo","Schizachyrium platyphyllum"
"63645","Tiogo","Brachiaria lata"
"63647","Tiogo","Ampelocissus africana"
"63650","Tiogo","Pandiaka angustifolia"
"63651","Tiogo","Achyranthes aspera"
"63652","Tiogo","Chlorophytum stenopetalum"
"63653","Tiogo","Indigofera colutea"
"63654","Tiogo","Wissadula amplissima"
"63656","Tiogo","Biophytum umbraculum"
"63661","Tiogo","Panicum phragmitoides"
"63664","Tiogo","Pennisetum polystachyon"
"63667","Tiogo","Setaria parviflora"
"63673","Tiogo","Spermacoce radiata"
"63674","Tiogo","Siphonochilus aethiopicus"
"63675","Tiogo","Stylochaeton hypogaeus"
"63676","Tiogo","Hoslundia opposita"
"63686","Tiogo","Sporobolus festivus"
"63702","Tiogo","Rhynchosia minima"
"63723","Tiogo","Hyptis spicigera"
"63731","Tiogo","Euphorbia hirta"
"63741","Tiogo","Cissus populnea"
"63745","Tiogo","Aspilia bussei"
"63746","Tiogo","Dioscorea dumetorum"
"63747","Tiogo","Chamaecrista nigricans"
"63767","Tiogo","Blepharis maderaspatensis"
"63808","Tiogo","Commelina NA"
"63812","Tiogo","Tephrosia pedicellata"
"63815","Tiogo","Elionurus elegans"
"63817","Tiogo","Schizachyrium sanguineum"
"63818","Tiogo","Indigofera NA"
"63819","Tiogo","Aspilia rudis"
"63832","Tiogo","Crotalaria NA"
"63847","Tiogo","Hyparrhenia diplandra"
"63850","Tiogo","Chamaecrista mimosoides"
"63852","Tiogo","Zornia glochidiata"
"63863","Tiogo","Sporobolus pectinellus"
"63889","Tiogo","Schizachyrium ruderale"
"63907","Tiogo","Peristrophe bicalyculata"
"63922","Tiogo","Diheteropogon amplectens"
"63952","Tiogo","Pentanema indicum"
"63967","Tiogo","Crinum ornatum"
"63982","Tiogo","Sorghastrum incompletum"
"63987","Tiogo","Crinum moorei"
"63999","Tiogo","Lantana ukambensis"
"64012","Tiogo","Hibiscus asper"
"64032","Tiogo","Spermacoce ruelliae"
"64035","Tiogo","Scleria racemosa"
"64041","Tiogo","Panicum laetum"
"64044","Tiogo","Hyparrhenia cyanescens"
"64048","Tiogo","Vigna heterophylla"
"64160","Tiogo","Chlorophytum senegalense"
"64162","Tiogo","Phyllanthus amarus"
"64165","Tiogo","Hyparrhenia subplumosa"
"64171","Tiogo","Cochlospermum tinctorium"
"64183","Tiogo","Kohautia tenuis"
"64200","Tiogo","Euphorbia hyssopifolia"
"64244","Tiogo","Chasmopodium caudatum"
"64282","Tiogo","Tacca leontopetaloides"
"64319","Tiogo","Plectranthus gracillimus"
"64331","Tiogo","Elionurus ciliaris"
"64371","Tiogo","Tephrosia bracteolata"
"64517","Tiogo","Triumfetta rhomboidea"
"64528","Tiogo","Setaria barbata"
"64533","Tiogo","Urelytrum muricatum"
"64534","Tiogo","Polygala multiflora"
"64537","Tiogo","Unidentified species"
"64574","Tiogo","Indigofera leprieurii"
"64590","Tiogo","Murdannia nudiflora"
"64634","Tiogo","Sporobolus microprotus"
"64742","Tiogo","Commelina forskaolii"
"64756","Tiogo","Desmodium NA"
"64761","Tiogo","Sida urens"
"64769","Ukulinga","Crabbea hirsuta"
"64770","Ukulinga","Thunbergia atriplicifolia"
"64771","Ukulinga","Stylochiton natalensis"
"64772","Ukulinga","Eriospermum abyssinicum"
"64773","Ukulinga","Commelina africana"
"64774","Ukulinga","Cyanotis speciosa"
"64775","Ukulinga","Tagetes minuta"
"64776","Ukulinga","Erigeron floribundus"
"64777","Ukulinga","Senecio bupleuroides"
"64778","Ukulinga","Senecio coronatus"
"64779","Ukulinga","Erigeron primulifolium"
"64780","Ukulinga","Helichrysum miconiifolium"
"64781","Ukulinga","Gerbera ambigua"
"64782","Ukulinga","Schoenoxiphium sparteum"
"64783","Ukulinga","Tragia meyeriana"
"64784","Ukulinga","Acalypha punctata"
"64785","Ukulinga","Pelargonium alchemilloides"
"64786","Ukulinga","Aristea abyssinica"
"64787","Ukulinga","Leonotis ocymifolia"
"64788","Ukulinga","Ocimum obovatum"
"64789","Ukulinga","Indigofera hilaris"
"64790","Ukulinga","Rhynchosia minima"
"64791","Ukulinga","Chamaecrista plumosa"
"64792","Ukulinga","Tephrosia elongata"
"64793","Ukulinga","Tephrosia multijuga"
"64794","Ukulinga","Zornia capensis"
"64795","Ukulinga","Hibiscus pusillus"
"64796","Ukulinga","Cymbopogon nardus"
"64797","Ukulinga","Eragrostis curvula"
"64798","Ukulinga","Setaria pumila"
"64799","Ukulinga","Eragrostis capensis"
"64800","Ukulinga","Cheilanthes viridis"
"64801","Ukulinga","Spermacoce natalensis"
"64802","Ukulinga","Pentanisia angustifolia"
"64803","Ukulinga","Albuca NA"
"64804","Ukulinga","Sebaea secloides"
"64806","Ukulinga","Ruellia baurii"
"64808","Ukulinga","Chaetacanthus burchellii"
"64809","Ukulinga","Peucedanum natalense"
"64813","Ukulinga","Berkheya setifera"
"64814","Ukulinga","Senecio rhomboideus"
"64817","Ukulinga","Fimbristylis ovata"
"64820","Ukulinga","Hypoxis argentea"
"64821","Ukulinga","Hypoxis rigidula"
"64822","Ukulinga","Hypoxis hemerocallidea"
"64825","Ukulinga","Rhynchosia totta"
"64830","Ukulinga","Eulophia ensata"
"64831","Ukulinga","Buchnera simplex"
"64832","Ukulinga","Tristachya leucothrix"
"64833","Ukulinga","Heteropogon contortus"
"64834","Ukulinga","Cymbopogon caesius"
"64835","Ukulinga","Panicum maximum"
"64838","Ukulinga","Aristida junciformis"
"64839","Ukulinga","Polygala hottentotta"
"64841","Ukulinga","Agathisanthemum chlorophyllum"
"64843","Ukulinga","Kohautia amatymbica"
"64844","Ukulinga","Thesium natalense"
"64852","Ukulinga","Cynoglossum hispidum"
"64853","Ukulinga","Cephalaria pungens"
"64854","Ukulinga","Berkheya umbellata"
"64856","Ukulinga","Hilliardiella aristata"
"64860","Ukulinga","Senecio retrorsus"
"64869","Ukulinga","Rhynchosia cooperi"
"64875","Ukulinga","Graderia scabra"
"64876","Ukulinga","Elionurus muticus"
"64877","Ukulinga","Setaria nigrirostris"
"64882","Ukulinga","Setaria sphacelata"
"64883","Ukulinga","Polygala amatymbica"
"64898","Ukulinga","Helichrysum nudifolium"
"64902","Ukulinga","Cyperus mutisii"
"64906","Ukulinga","Hypoxis colchicifolia"
"64908","Ukulinga","Teucrium kraussii"
"64915","Ukulinga","Corchorus asplenifolius"
"64919","Ukulinga","Diheteropogon amplectens"
"64922","Ukulinga","Eragrostis racemosa"
"64925","Ukulinga","Melinis nerviglumis"
"64926","Ukulinga","Brachiaria serrata"
"64938","Ukulinga","Ledebouria ovatifolia"
"64942","Ukulinga","Aster bakerianus"
"64951","Ukulinga","Aeschynomene brevifolia"
"64954","Ukulinga","Eriosema cordatum"
"64960","Ukulinga","Themeda triandra"
"64964","Ukulinga","Microchloa caffra"
"64966","Ukulinga","Eustachys paspaloides"
"64967","Ukulinga","Hyparrhenia hirta"
"64972","Ukulinga","Gnidia caffra"
"64973","Ukulinga","Aloe maculata"
"64975","Ukulinga","Bulbostylis NA"
"64976","Ukulinga","Tephrosia NA"
"65003","Ukulinga","Panicum aequinerve"
"65023","Ukulinga","Kalanchoe rotundifolia"
"65034","Ukulinga","Acacia nilotica"
"65035","Ukulinga","Lotononis calycina"
"65039","Ukulinga","Oxalis corniculata"
"65040","Ukulinga","Passiflora suberosa"
"65041","Ukulinga","Phyllanthus glaucophyllus"
"65054","Ukulinga","Bidens bipinnata"
"65076","Ukulinga","Lantana rugosa"
"65078","Ukulinga","Canthium NA"
"65079","Ukulinga","Panicum NA"
"70681","Yenisei","Dicranum undulatum"
"70683","Yenisei","Vaccinium vitis-idaea"
"70684","Yenisei","Vaccinium myrtillus"
"70685","Yenisei","Pleurozium schreberi"
"70687","Yenisei","Lycopodium complanatum"
"70688","Yenisei","Pinus sibirica"
"70689","Yenisei","Polytrichum juniperinum"
"70690","Yenisei","Cetraria islandica"
"70691","Yenisei","Cladonia NA"
"70699","Yenisei","Ledum palustre"
"70702","Yenisei","Pinus sylvestris"
"70719","Yenisei","Calamagrostis obtusata"
"70740","Yenisei","Maianthemum bifolium"
"70741","Yenisei","Betula pubescens"
"70742","Yenisei","Solidago virgaurea"
"70743","Yenisei","Equisetum sylvaticum"
"70747","Yenisei","Epilobium angustifolium"
"70748","Yenisei","Abies sibirica"
"70750","Yenisei","Polytrichastrum formosum"
"70751","Yenisei","Rosa acicularis"
"70752","Yenisei","Sorbus aucuparia"
"70753","Yenisei","Populus tremula"
"70754","Yenisei","Carex NA"
"70766","Yenisei","Peltigera aphthosa"
"70773","Yenisei","Vaccinium uliginosum"
"70774","Yenisei","Empetrum nigrum"
"70786","Yenisei","Carex pediformis"
"70807","Yenisei","Arctous alpina"
"70809","Yenisei","Polytrichum piliferum"
"70817","Yenisei","Polygonum NA"
"1","Morton","Ostrya virginiana"
"2","Morton","Hackelia virginiana"
"359","Morton","Cardamine concatenata"
"435","Morton","Ageratina altissima"
"510","Morton","Carex pensylvanica"
"610","Morton","Erythronium albidum"
"710","Morton","Sanguinaria canadensis"
"810","Morton","Prunus serotina"
"910","Morton","Ulmus americana"
"1010","Morton","Parthenocissus quinquefolia"
"1110","Morton","Allium canadense"
"1210","Morton","Maianthemum racemosum"
"136","Morton","Impatiens pallida"
"1410","Morton","Symphyotrichum shortii"
"1510","Morton","Circaea lutetiana"
"1610","Morton","Oxalis stricta"
"1710","Morton","Agrimonia gryposepala"
"1810","Morton","Geum canadense"
"198","Morton","Rubus occidentalis"
"2010","Morton","Toxicodendron radicans"
"2110","Morton","Arisaema triphyllum"
"2410","Morton","Vitis vulpina"
"2610","Morton","Ulmus rubra"
"289","Morton","Hydrophyllum virginianum"
"2938","Morton","Symphyotrichum drummondii"
"3034","Morton","Symphyotrichum lateriflorum"
"3167","Morton","Carex rosea"
"3228","Morton","Carex blanda"
"3355","Morton","Geranium maculatum"
"3420","Morton","Polemonium reptans"
"3523","Morton","Rubus allegheniensis"
"3627","Morton","Tilia americana"
"3757","Morton","Trillium recurvatum"
"3818","Morton","Campanula americana"
"3941","Morton","Polygonum virginianum"
"4110","Morton","Menispermum canadense"
"4210","Morton","Floerkea proserpinacoides"
"436","Morton","Moehringia lateriflora"
"4410","Morton","Solidago ulmifolia"
"4810","Morton","Polypodium virginianum"
"498","Morton","Potentilla simplex"
"521","Morton","Fraxinus americana"
"531","Morton","Acer saccharum"
"541","Morton","Podophyllum peltatum"
"551","Morton","Celastrus scandens"
"561","Morton","Solidago canadensis"
"601","Morton","Dodecatheon meadia"
"621","Morton","Arisaema dracontium"
"701","Morton","Galium triflorum"
"74","Morton","Ranunculus abortivus"
"75","Morton","Euthamia graminifolia"
"781","Morton","Galium asprellum"
"841","Morton","Prunus virginiana"
"851","Morton","Lactuca canadensis"
"861","Morton","Hystrix patula"
"871","Morton","Potentilla norvegica"
"921","Morton","Solidago flexicaulis"
"951","Morton","Uvularia sessilifolia"
"961","Morton","Uvularia grandiflora"
"971","Morton","Impatiens capensis"
"991","Morton","Anemonella thalictroides"
"1021","Morton","Lonicera prolifera"
"1101","Morton","Claytonia virginica"
"1111","Morton","Fraxinus pennsylvanica"
"1121","Morton","Cystopteris bulbifera"
"1102","Okmulgee","Rhus aromatica"
"2102","Okmulgee","Toxicodendron radicans"
"3293","Okmulgee","Solidago ulmifolia"
"4101","Okmulgee","Antennaria parlinii"
"5102","Okmulgee","Helianthus hirsutus"
"6102","Okmulgee","Quercus stellata"
"7102","Okmulgee","Quercus marilandica"
"8102","Okmulgee","Carya texana"
"957","Okmulgee","Monarda russeliana"
"1014","Okmulgee","Chamaecrista fasciculata"
"1113","Okmulgee","Panicum linearifolium"
"1212","Okmulgee","Ulmus alata"
"1311","Okmulgee","Parthenocissus quinquefolia"
"1413","Okmulgee","Allium NA"
"1513","Okmulgee","Avena NA"
"1613","Okmulgee","Dichanthelium NA"
"1712","Okmulgee","Unidentified species"
"1812","Okmulgee","Ptilimnium nuttallii"
"1911","Okmulgee","Sanicula canadensis"
"2013","Okmulgee","Symphoricarpos orbiculatus"
"2113","Okmulgee","Ambrosia psilostachya"
"2213","Okmulgee","Symphyotrichum oolentangiense"
"2312","Okmulgee","Scutellaria parvula"
"2411","Okmulgee","Lespedeza violacea"
"2511","Okmulgee","Andropogon gerardii"
"2611","Okmulgee","Carex NA"
"2711","Okmulgee","Vernonia NA"
"2810","Okmulgee","Symphyotrichum patens"
"2988","Okmulgee","Erigeron tenuis"
"30100","Okmulgee","Hypericum hypericoides"
"31100","Okmulgee","Lespedeza repens"
"3294","Okmulgee","Galactia regularis"
"3356","Okmulgee","Oxalis violacea"
"3421","Okmulgee","Schizachyrium scoparium"
"3524","Okmulgee","Panicum acuminatum"
"36100","Okmulgee","Coelorachis cylindrica"
"37100","Okmulgee","Rosa NA"
"3880","Okmulgee","Tradescantia NA"
"39100","Okmulgee","Chaetopappa asteroides"
"4069","Okmulgee","Lespedeza virginica"
"4111","Okmulgee","Asteraceae NA"
"4211","Okmulgee","Rhus copallinum"
"4310","Okmulgee","Lactuca canadensis"
"4412","Okmulgee","Quercus velutina"
"4512","Okmulgee","Amphicarpaea bracteata"
"4611","Okmulgee","Tridens flavus"
"4712","Okmulgee","Viola sororia"
"4812","Okmulgee","Vitis NA"
"4911","Okmulgee","Rhus glabra"
"5012","Okmulgee","Celtis occidentalis"
"5112","Okmulgee","Erigeron canadensis"
"5212","Okmulgee","Vaccinium arboreum"
"5312","Okmulgee","Danthonia spicata"
"5412","Okmulgee","Fabaceae NA"
"5512","Okmulgee","Prunus mexicana"
"5612","Okmulgee","Coreopsis NA"
"5712","Okmulgee","Lechea tenuifolia"
"5810","Okmulgee","Erigeron strigosus"
"5910","Okmulgee","Solidago NA"
"6010","Okmulgee","Verbesina virginica"
"6110","Okmulgee","Galium circaezans"
"6210","Okmulgee","Rubus NA"
"6310","Okmulgee","Hieracium gronovii"
"6410","Okmulgee","Andropogon virginicus"
"6610","Okmulgee","Paronychia fastigiata"
"6710","Okmulgee","Erechtites hieraciifolia"
"7411","Okmulgee","Sideroxylon lanuginosum"
"7612","Okmulgee","Bromus NA"
"7812","Okmulgee","Muhlenbergia NA"
"8512","Okmulgee","Chasmanthium latifolium"
"8912","Okmulgee","Smilax NA"
"9212","Okmulgee","Diospyros virginiana"
"9312","Okmulgee","Securigera varia"
"958","Okmulgee","Mimosa quadrivalvis"
"973","Okmulgee","Elymus canadensis"
"983","Okmulgee","Solanum carolinense"
"1015","Okmulgee","Sporobolus NA"
"1114","Okmulgee","Packera obovata"
"1161","Okmulgee","Oxalis stricta"
"1231","Okmulgee","Cirsium altissimum"
"1241","Okmulgee","Ruellia humilis"
"1251","Okmulgee","Cocculus carolinus"
"1321","Okmulgee","Viola NA"
"1331","Okmulgee","Prunus serotina"
"1341","Okmulgee","Baptisia bracteata"
"1351","Okmulgee","Elymus virginicus"
"1382","Okmulgee","Quercus rubra"
"1422","Okmulgee","Elephantopus carolinianus"
"1482","Okmulgee","Gleditsia triacanthos"
"1592","Okmulgee","Verbena NA"
"1651","Okmulgee","Lespedeza juncea"
"1721","Okmulgee","Paniceae NA"
"1841","Okmulgee","Andropogon NA"
"1871","Okmulgee","Celtis laevigata"
"1921","Okmulgee","Gnaphalium purpureum"
"1961","Okmulgee","Woodsia obtusa"
"2002","Okmulgee","Rudbeckia hirta"
"2082","Okmulgee","Eragrostis NA"
"2103","Okmulgee","Gymnopogon ambiguus"
"2122","Okmulgee","Linum medium"
"2132","Okmulgee","Sabatia angularis"
"2142","Okmulgee","Viburnum rufidulum"
"2152","Okmulgee","Boechera canadensis"
"2162","Okmulgee","Ambrosia trifida"
"2172","Okmulgee","Phytolacca americana"
"2182","Okmulgee","Solanum ptychanthum"
"2192","Okmulgee","Ampelopsis arborea"
"2222","Okmulgee","Ilex decidua"
"2242","Okmulgee","Desmodium laevigatum"
"2282","Okmulgee","Matelea NA"
"2292","Okmulgee","Galium pilosum"
"2322","Okmulgee","Bouteloua curtipendula"
"30411","Okmulgee","Teucrium canadense"
"30611","Okmulgee","Fraxinus americana"
"30711","Okmulgee","Sphenopholis obtusata"
"30811","Okmulgee","Cephalanthus occidentalis"
"31011","Okmulgee","Polygonum NA"
"31911","Okmulgee","Acer saccharinum"
"32311","Okmulgee","Crataegus viridis"
"32511","Okmulgee","Cercis canadensis"
"33510","Okmulgee","Symphyotrichum laeve"
"34310","Okmulgee","Tephrosia virginiana"
"38110","Okmulgee","Hypericum punctatum"
"38810","Okmulgee","Echinacea pallida"
"38911","Okmulgee","Crataegus crus-galli"
"39211","Okmulgee","Penstemon NA"
"39511","Okmulgee","Platanus occidentalis"
"39811","Okmulgee","Asclepias verticillata"
"4813","Okmulgee","Pseudognaphalium obtusifolium"
"4841","Okmulgee","Asplenium platyneuron"
"4851","Okmulgee","Campsis radicans"
"4861","Okmulgee","Triodanis perfoliata"
"4941","Okmulgee","Passiflora lutea"
"5113","Okmulgee","Agrostis NA"
"5213","Okmulgee","Polygonum tenue"
"5231","Okmulgee","Phemeranthus NA"
"5271","Okmulgee","Panicum clandestinum"
"5551","Okmulgee","Gymnocladus dioica"
"5912","Okmulgee","Clitoria mariana"
"5921","Okmulgee","Lespedeza procumbens"
"6141","Okmulgee","Liatris NA"
"6161","Okmulgee","Erigeron NA"
"6201","Okmulgee","Quercus muehlenbergii"
"1104","KrugerSatara","Asystasia mysorensis"
"2104","KrugerSatara","Justicia protracta"
"3495","KrugerSatara","Trianthema salsoloides"
"4103","KrugerSatara","Heliotropium steudneri"
"5104","KrugerSatara","Cleome monophylla"
"6104","KrugerSatara","Commelina erecta"
"7103","KrugerSatara","Vernonia fastigiata"
"8103","KrugerSatara","Ipomoea biflora"
"959","KrugerSatara","Merremia palmata"
"1016","KrugerSatara","Evolvulus alsinoides"
"1115","KrugerSatara","Seddera suffruticosa"
"1214","KrugerSatara","Cucumis zeyheri"
"1313","KrugerSatara","Cucumis hirsutus"
"1415","KrugerSatara","Chamaesyce inequilatera"
"1515","KrugerSatara","Acalypha brachiata"
"1615","KrugerSatara","Leucas glabrata"
"1714","KrugerSatara","Ocimum obovatum"
"1814","KrugerSatara","Crotalaria sphaerocarpa"
"1913","KrugerSatara","Chamaecrista mimosoides"
"2015","KrugerSatara","Crotalaria virgulata"
"2115","KrugerSatara","Tephrosia semiglabra"
"2215","KrugerSatara","Indigofera vicioides"
"2314","KrugerSatara","Indigastrum parviflorum"
"2413","KrugerSatara","Tephrosia purpurea"
"2513","KrugerSatara","Crotalaria podocarpa"
"2613","KrugerSatara","Indigofera rhytidocarpa"
"2713","KrugerSatara","Limeum pterocarpum"
"2812","KrugerSatara","Corchorus asplenifolius"
"29100","KrugerSatara","Hibiscus micranthus"
"30101","KrugerSatara","Pavonia burchellii"
"31101","KrugerSatara","Sida cordifolia"
"32100","KrugerSatara","Sida dregei"
"33100","KrugerSatara","Boerhavia pilosa"
"34100","KrugerSatara","Phyllanthus parvulus"
"3578","KrugerSatara","Phyllanthus nummulariifolius"
"36101","KrugerSatara","Phyllanthus maderaspatensis"
"37101","KrugerSatara","Bothriochloa radicans"
"38100","KrugerSatara","Urochloa mosambicensis"
"39101","KrugerSatara","Themeda triandra"
"4070","KrugerSatara","Eragrostis nindensis"
"4113","KrugerSatara","Panicum coloratum"
"4213","KrugerSatara","Aristida adscensionis"
"4312","KrugerSatara","Enneapogon cenchroides"
"4414","KrugerSatara","Tragus berteronianus"
"4514","KrugerSatara","Chloris virgata"
"4613","KrugerSatara","Aristida congesta"
"4714","KrugerSatara","Schmidtia pappophoroides"
"4814","KrugerSatara","Panicum deustum"
"4913","KrugerSatara","Dactyloctenium aegyptium"
"5014","KrugerSatara","Cenchrus ciliaris"
"5114","KrugerSatara","Portulaca oleracea"
"5214","KrugerSatara","Solanum panduriforme"
"5314","KrugerSatara","Talinum caffrum"
"5414","KrugerSatara","Hybanthus enneaspermus"
"5514","KrugerSatara","Tribulus terrestris"
"5614","KrugerSatara","Albuca NA"
"5714","KrugerSatara","Crassenea romania"
"5813","KrugerSatara","Evolvulus NA"
"5913","KrugerSatara","Gisekia NA"
"6013","KrugerSatara","Ledebouria NA"
"6113","KrugerSatara","Saxifraga NA"
"6312","KrugerSatara","Achyropsis leptostachya"
"6412","KrugerSatara","Ledebouria revoluta"
"6612","KrugerSatara","Ehretia rigida"
"6812","KrugerSatara","Commelina africana"
"7012","KrugerSatara","Dicoma tomentosa"
"7212","KrugerSatara","Ipomoea crassipes"
"8113","KrugerSatara","Acacia nigrescens"
"8713","KrugerSatara","Ceratotheca triloba"
"964","KrugerSatara","Urochloa panicoides"
"994","KrugerSatara","Setaria incrassata"
"1064","KrugerSatara","Priva africana"
"1105","KrugerSatara","Ipomoea NA"
"1132","KrugerSatara","Blepharis integrifolia"
"1152","KrugerSatara","Pergularia daemia"
"1262","KrugerSatara","Tragia rupestris"
"1292","KrugerSatara","Ocimum americanum"
"1393","KrugerSatara","Alysicarpus rugosus"
"1403","KrugerSatara","Dolichos trilobus"
"1423","KrugerSatara","Linum thunbergii"
"1583","KrugerSatara","Panicum maximum"
"1603","KrugerSatara","Heteropogon contortus"
"1632","KrugerSatara","Eragrostis superba"
"1642","KrugerSatara","Polygala sphenoptera"
"1692","KrugerSatara","Ammocharis NA"
"1702","KrugerSatara","Crinum NA"
"1715","KrugerSatara","Eriosema NA"
"1752","KrugerSatara","Leonotis NA"
"1802","KrugerSatara","Commelina benghalensis"
"2016","KrugerSatara","Flueggea verrucosa"
"2133","KrugerSatara","Digitaria eriantha"
"2203","KrugerSatara","Hermannia NA"
"2216","KrugerSatara","Triceiia NA"
"2233","KrugerSatara","Cleome angustifolia"
"2552","KrugerSatara","Jatropha NA"
"2562","KrugerSatara","Sericorema NA"
"2592","KrugerSatara","Kyphocarpa angustifolia"
"2672","KrugerSatara","Enicostema axillare"
"2822","KrugerSatara","Commicarpus pentandrus"
"30512","KrugerSatara","Barleria NA"
"31112","KrugerSatara","Heliotropium strigosum"
"33111","KrugerSatara","Senna italica"
"34211","KrugerSatara","Abutilon austroafricanum"
"34311","KrugerSatara",NA
"37212","KrugerSatara","Cassia NA"
"37511","KrugerSatara","Helichrysum NA"
"37612","KrugerSatara","Hibiscus NA"
"37812","KrugerSatara","Rhynchosia NA"
"37912","KrugerSatara","Justicia flava"
"38212","KrugerSatara","Sclerocarya birrea"
"38712","KrugerSatara","Combretum hereroense"
"4172","KrugerSatara","Flueggea virosa"
"4332","KrugerSatara","Setaria sphacelata"
"4415","KrugerSatara","Amaranthus NA"
"4423","KrugerSatara","Asclepias NA"
"4473","KrugerSatara","Barleria transvaalensis"
"4503","KrugerSatara","Monechma debile"
"4702","KrugerSatara","Acacia borleae"
"5092","KrugerSatara","Blepharis NA"
"5105","KrugerSatara","Eragrostis NA"
"5132","KrugerSatara","Vigna NA"
"1106","LaPampa","Prosopis caldenia"
"2106","LaPampa","Condalia microphylla"
"31000","LaPampa","Acantholippia seriphioides"
"4105","LaPampa","Prosopidastrum globosum"
"5106","LaPampa","Prosopis flexuosa"
"6105","LaPampa","Bredemeyera microphylla"
"8104","LaPampa","Schinus fasciculata"
"960","LaPampa","Baccharis ulicina"
"1018","LaPampa","Chuquiraga erinacea"
"4615","LaPampa","Ephedra triandra"
"6413","LaPampa","Lycium chilense"
"7213","LaPampa","Geoffroea decorticans"
"7513","LaPampa","Larrea divaricata"
"965","LaPampa","Baccharis gilliesii"
"975","LaPampa","Poa ligularis"
"985","LaPampa","Stipa speciosa"
"995","LaPampa","Piptochaetium napostaense"
"1005","LaPampa","Poa lanuginosa"
"1019","LaPampa","Nassella clarazii"
"1035","LaPampa","Turnera sidoides"
"1084","LaPampa","Nassella tenuissima"
"1094","LaPampa","Nierembergia aristata"
"1153","LaPampa","Baccharis megapotamica"
"1263","LaPampa","Stipa ichu"
"1373","LaPampa","Nassella tenuis"
"1474","LaPampa","Sphaeralcea australis"
"1624","LaPampa","Melica bonariensis"
"1673","LaPampa","Evolvulus NA"
"1683","LaPampa","Hoffmannseggia trifoliata"
"1923","LaPampa","Stipa brachychaeta"
"2174","LaPampa","Baccharis crispa"
"2374","LaPampa","Ephedra ochreata"
"32413","LaPampa","Erigeron bonariensis"
"4663","LaPampa","Stipa papposa"
"5862","LaPampa","Senna aphylla"
"6401","LaPampa","Margyricarpus pinnatus"
"1108","Konza","Ruellia humilis"
"2108","Konza","Lepidium densiflorum"
"31001","Konza","Ambrosia psilostachya"
"4107","Konza","Vernonia baldwinii"
"5108","Konza","Artemisia ludoviciana"
"6107","Konza","Symphyotrichum ericoides"
"7106","Konza","Brickellia eupatorioides"
"8105","Konza","Solidago missouriensis"
"966","Konza","Carex meadii"
"1020","Konza","Carex inops"
"1119","Konza","Carex brevior"
"1218","Konza","Euphorbia nutans"
"1317","Konza","Euphorbia serpens"
"1419","Konza","Euphorbia spathulata"
"1519","Konza","Amorpha canescens"
"1619","Konza","Lespedeza capitata"
"1718","Konza","Linum sulcatum"
"1818","Konza","Oxalis stricta"
"1917","Konza","Plantago patagonica"
"2019","Konza","Andropogon gerardii"
"2119","Konza","Sporobolus compositus"
"2219","Konza","Poa pratensis"
"2318","Konza","Sorghastrum nutans"
"2417","Konza","Schizachyrium scoparium"
"2517","Konza","Panicum oligosanthes"
"2617","Konza","Physalis pumila"
"2717","Konza","Verbena stricta"
"2816","Konza","Asclepias stenophylla"
"29102","Konza","Asclepias viridis"
"30103","Konza","Achillea millefolium"
"31103","Konza","Teucrium canadense"
"32102","Konza","Plantago rhodosperma"
"33102","Konza","Elymus canadensis"
"34102","Konza","Bouteloua curtipendula"
"35101","Konza","Tridens flavus"
"36103","Konza","Sporobolus heterolepis"
"37103","Konza","Bromus japonicus"
"38102","Konza","Schedonnardus paniculatus"
"39103","Konza","Asclepias verticillata"
"4075","Konza","Ratibida columnifera"
"4117","Konza","Carex gravida"
"4217","Konza","Lespedeza violacea"
"4316","Konza","Koeleria pyramidata"
"4418","Konza","Polygala verticillata"
"4518","Konza","Asclepias syriaca"
"4617","Konza","Symphoricarpos orbiculatus"
"4718","Konza","Asclepias viridiflora"
"4818","Konza","Salvia azurea"
"4917","Konza","Callirhoe involucrata"
"5018","Konza","Erigeron canadensis"
"5118","Konza","Lithospermum incisum"
"5217","Konza","Solidago rigida"
"6415","Konza","Dalea purpurea"
"6515","Konza","Dalea candida"
"6815","Konza","Oxalis violacea"
"8015","Konza","Juncus NA"
"8115","Konza","Panicum NA"
"8215","Konza","Solidago canadensis"
"8515","Konza","Euphorbia marginata"
"8615","Konza","Oenothera speciosa"
"8715","Konza","Panicum virgatum"
"8815","Konza","Solanum carolinense"
"9215","Konza","Acalypha virginica"
"9415","Konza","Eragrostis spectabilis"
"9513","Konza","Rosa arkansana"
"967","Konza","Antennaria neglecta"
"986","Konza","Hymenopappus scabiosaeus"
"10110","Konza","Symphyotrichum oblongifolium"
"1026","Konza","Mimosa quadrivalvis"
"1036","Konza","Baptisia bracteata"
"1046","Konza","Stenaria nigricans"
"1066","Konza","Triodanis perfoliata"
"1076","Konza","Vulpia octoflora"
"1174","Konza","Croton monanthogynus"
"1204","Konza","Psoralea esculenta"
"1294","Konza","Rhus glabra"
"1374","Konza","Monarda fistulosa"
"1385","Konza","Astragalus crassicarpus"
"1405","Konza","Sphenopholis obtusata"
"1455","Konza","Erigeron strigosus"
"1565","Konza","Triodanis leptocarpa"
"1595","Konza","Spermolepis inermis"
"16110","Konza","Silene antirrhina"
"1625","Konza","Hedeoma hispida"
"1634","Konza","Androsace occidentalis"
"1654","Konza","Elymus smithii"
"1664","Konza","Hordeum pusillum"
"1674","Konza","Sporobolus cryptandrus"
"1694","Konza","Agalinis aspera"
"1719","Konza","Viola pratincola"
"1754","Konza","Cyperus lupulinus"
"1794","Konza","Kummerowia stipulacea"
"1819","Konza","Chondrosum gracile"
"1834","Konza","Ageratina altissima"
"1874","Konza","Chenopodium album"
"1904","Konza","Asclepias sullivantii"
"2075","Konza","Psoralea tenuiflora"
"2195","Konza","Eleocharis NA"
"2225","Konza","Cirsium undulatum"
"2305","Konza","Agrostis hyemalis"
"2365","Konza","Muhlenbergia cuspidata"
"2395","Konza","Sisyrinchium campestre"
"2544","Konza","Tragia betonicifolia"
"32414","Konza","Baptisia australis"
"33013","Konza","Mirabilis linearis"
"33713","Konza","Delphinium carolinianum"
"33813","Konza","Panicum acuminatum"
"33913","Konza","Senecio plattensis "
"34413","Konza","Ulmus americana"
"36013","Konza","Solidago mollis"
"36114","Konza","Liatris punctata"
"36314","Konza","Persicaria pensylvanica"
"37012","Konza","Malva neglecta"
"37114","Konza","Solanum rostratum"
"38214","Konza","Cornus drummondii"
"39413","Konza","Tragopogon dubius"
"4084","Konza","Asclepias tuberosa"
"4134","Konza","Gleditsia triacanthos"
"4154","Konza","Cirsium NA"
"4244","Konza","Rhus aromatica"
"4719","Konza","Bromus inermis"
"4784","Konza","Ceanothus herbaceus"
"4794","Konza","Comandra umbellata"
"4985","Konza","Chamaecrista chamaecristoides"
"5333","Konza","Echinacea angustifolia"
"5363","Konza","Parietaria pensylvanica"
"5373","Konza","Viola pedatifida"
"1120","UniversityMissouri","Rhus copallinum"
"2120","UniversityMissouri","Solidago ulmifolia"
"31002","UniversityMissouri","Vernonia baldwinii"
"4109","UniversityMissouri","Helianthus hirsutus"
"5120","UniversityMissouri","Quercus velutina"
"6108","UniversityMissouri","Desmodium nuttallii"
"7107","UniversityMissouri","Panicum boscii"
"8106","UniversityMissouri","Rosa carolina"
"968","UniversityMissouri","Rubus pensilvanicus"
"1027","UniversityMissouri","Lactuca canadensis"
"1126","UniversityMissouri","Monarda bradburiana"
"1220","UniversityMissouri","Panicum dichotomum"
"1319","UniversityMissouri","Ceanothus americanus"
"1420","UniversityMissouri","Amphicarpa bracteata"
"1520","UniversityMissouri","Euphorbia corollata"
"1620","UniversityMissouri","Chamaecrista fasciculata"
"1720","UniversityMissouri","Lespedeza virginica"
"1820","UniversityMissouri","Panicum commutatum"
"1919","UniversityMissouri","Antennaria parlinii"
"2020","UniversityMissouri","Symphyotrichum anomalum"
"2126","UniversityMissouri","Desmodium laevigatum"
"2220","UniversityMissouri","Toxicodendron radicans"
"2320","UniversityMissouri","Monarda fistulosa"
"2419","UniversityMissouri","Sassafras albidum"
"2519","UniversityMissouri","Parthenocissus quinquefolia"
"2619","UniversityMissouri","Quercus stellata"
"2719","UniversityMissouri","Lespedeza procumbens"
"2818","UniversityMissouri","Solidago nemoralis"
"29103","UniversityMissouri","Carex albicans"
"30104","UniversityMissouri","Desmodium marilandicum"
"31104","UniversityMissouri","Schizachyrium scoparium"
"32103","UniversityMissouri","Galium circaezans"
"33103","UniversityMissouri","Ulmus alata"
"34103","UniversityMissouri","Solidago buckleyi"
"35102","UniversityMissouri","Carya texana"
"36104","UniversityMissouri","Danthonia spicata"
"37104","UniversityMissouri","Verbesina helianthoides"
"38103","UniversityMissouri","Panicum laxiflorum"
"39104","UniversityMissouri","Quercus marilandica"
"4077","UniversityMissouri","Potentilla simplex"
"4119","UniversityMissouri","Symphyotrichum oolentangiense"
"4219","UniversityMissouri","Carya alba"
"4318","UniversityMissouri","Muhlenbergia sobolifera"
"4420","UniversityMissouri","Panicum depauperatum"
"4520","UniversityMissouri","Pycnanthemum tenuifolium"
"4619","UniversityMissouri","Andropogon virginicus"
"4720","UniversityMissouri","Symphyotrichum patens"
"4820","UniversityMissouri","Galactia regularis"
"4919","UniversityMissouri","Carex nigromarginata"
"5020","UniversityMissouri","Vaccinium stamineum"
"5125","UniversityMissouri","Rhus aromatica"
"5219","UniversityMissouri","Lespedeza violacea"
"5319","UniversityMissouri","Panicumunid."
"5418","UniversityMissouri","Rudbeckia hirta"
"5518","UniversityMissouri","Sanicula canadensis"
"5618","UniversityMissouri","Phlox pilosa"
"5718","UniversityMissouri","Smilax glauca"
"5817","UniversityMissouri","Acer rubrum"
"5917","UniversityMissouri","Coreopsis palmata"
"6017","UniversityMissouri","Orbexilum pedunculatum"
"6117","UniversityMissouri","Quercus alba"
"6217","UniversityMissouri","Stylosanthes biflora"
"6316","UniversityMissouri","Asclepias verticillata"
"6416","UniversityMissouri","Carex muehlenbergii"
"6516","UniversityMissouri","Physalis heterophylla"
"6916","UniversityMissouri","Parthenium integrifolium"
"7215","UniversityMissouri","Carex hirsutella"
"7616","UniversityMissouri","Strophostyles umbellata"
"8516","UniversityMissouri","Aralia spinosa"
"8716","UniversityMissouri","Acalypha virginica"
"9116","UniversityMissouri","Strophostyles leiosperma"
"969","UniversityMissouri","Vitis aestivalis"
"987","UniversityMissouri","Aristolochia serpentaria"
"997","UniversityMissouri","Carya glabra"
"10111","UniversityMissouri","Quercus coccinea"
"1037","UniversityMissouri","Tridens flavus"
"1195","UniversityMissouri","Apocynum cannabinum"
"1205","UniversityMissouri","Dioscorea quaternata"
"13110","UniversityMissouri","Fraxinus americana"
"1325","UniversityMissouri","Andropogon gerardii"
"1345","UniversityMissouri","Elymus canadensis"
"1355","UniversityMissouri","Smilax tamnoides"
"1536","UniversityMissouri","Crotalaria sagittalis"
"1566","UniversityMissouri","Symphyotrichum turbinellum"
"1586","UniversityMissouri","Desmodium dillenii"
"1665","UniversityMissouri","Minuartia patula"
"1675","UniversityMissouri","Tephrosia virginiana"
"1705","UniversityMissouri","Ruellia pedunculata"
"17110","UniversityMissouri","Lobelia spicata"
"1745","UniversityMissouri","Baptisia bracteata"
"1755","UniversityMissouri","Lactuca floridana"
"1875","UniversityMissouri","Porteranthus stipulatus"
"1885","UniversityMissouri","Galium concinnum"
"1895","UniversityMissouri","Liatris squarrosa"
"1905","UniversityMissouri","Eleocharis lanceolata"
"19110","UniversityMissouri","Quercus texana"
"1935","UniversityMissouri","Panicum virgatum"
"1945","UniversityMissouri","Viola sagittata"
"1955","UniversityMissouri","Bouteloua curtipendula"
"2006","UniversityMissouri","Cyperus echinatus"
"2046","UniversityMissouri","Desmodium rigidum"
"2296","UniversityMissouri","Clitoria mariana"
"2376","UniversityMissouri","Aureolaria flava"
"2406","UniversityMissouri","Trifolium repens"
"24110","UniversityMissouri","Desmodium ciliare"
"2435","UniversityMissouri","Lespedeza repens"
"2645","UniversityMissouri","Cornus florida"
"2655","UniversityMissouri","Gleditsia triacanthos"
"2665","UniversityMissouri","Nyssa sylvatica"
"2685","UniversityMissouri","Botrychium virginianum"
"2705","UniversityMissouri","Prunus mexicana"
"2735","UniversityMissouri","Smilax bona-nox"
"2775","UniversityMissouri","Rhamnus caroliniana"
"2795","UniversityMissouri","Diospyros virginiana"
"2825","UniversityMissouri","Celtis occidentalis"
"29012","UniversityMissouri","Prunus serotina"
"30815","UniversityMissouri","Symphoricarpos orbiculatus"
"31115","UniversityMissouri","Vaccinium arboreum"
"1128","Wharton","Carex NA"
"31003","Wharton","Gaultheria procumbens"
"4120","Wharton","Gaylussacia baccata"
"6109","Wharton","Gaylussacia frondosa"
"8107","Wharton","Kalmia latifolia"
"970","Wharton","Lyonia mariana"
"1029","Wharton","Microstegium vimineum"
"1129","Wharton","Smilax NA"
"1320","Wharton","Vaccinium angustifolium"
"1527","Wharton","Vaccinium corymbosum"
"2720","Wharton","Pteridium aquilinum"
"2820","Wharton","Quercus ilicifolia"
"5619","Wharton","Comptonia peregrina"
"6018","Wharton","Kalmia angustifolia"
"6817","Wharton","Cyrilla racemiflora"
"8217","Wharton","Ilex glabra"
"8617","Wharton","Myrica pensylvanica"
"57709","McCorkill","Anarthria scabra"
"57710","McCorkill","Xanthosia atkinsoniana"
"57711","McCorkill","Xanthosia huegelii"
"57712","McCorkill","Platysace filiformis"
"57713","McCorkill","Lomandra integra"
"57714","McCorkill","Lomandra sonderi"
"57715","McCorkill","Thysanotus multiflorus"
"57716","McCorkill","Lomandra caespitosa"
"57717","McCorkill","Lomandra hermaphrodita"
"57718","McCorkill","Allocasuarina fraseriana"
"57719","McCorkill","Platysace tenuissima"
"57720","McCorkill","Lepidosperma leptostachyum"
"57721","McCorkill","Lepidosperma squamatum"
"57722","McCorkill","Hibbertia commutata"
"57723","McCorkill","Hibbertia amplexicaulis"
"57724","McCorkill","Tetratheca setigera"
"57725","McCorkill","Tetratheca hirsuta"
"57726","McCorkill","Leucopogon propinquus"
"57727","McCorkill","Amperea ericoides"
"57728","McCorkill","Dampiera linearis"
"57729","McCorkill","Scaevola calliptera"
"57730","McCorkill","Goodenia eatoniana"
"57731","McCorkill","Patersonia umbrosa"
"57732","McCorkill","Hemigenia incana"
"57733","McCorkill","Hemigenia rigida"
"57734","McCorkill","Acacia browniana"
"57735","McCorkill","Gompholobium confertum"
"57736","McCorkill","Hovea elliptica"
"57737","McCorkill","Gompholobium knightianum"
"57738","McCorkill","Hovea chorizemifolia"
"57739","McCorkill","Acacia extensa"
"57740","McCorkill","Bossiaea ornata"
"57741","McCorkill","Gompholobium preissii"
"57742","McCorkill","Hovea trisperma"
"57743","McCorkill","Gompholobium ovatum"
"57744","McCorkill","Gompholobium polymorphum"
"57745","McCorkill","Sphaerolobium medium"
"57746","McCorkill","Lindsaea linearis"
"57747","McCorkill","Taxandria parviceps"
"57748","McCorkill","Eucalyptus marginata"
"57749","McCorkill","Melaleuca thymoides"
"57750","McCorkill","Hypocalymma angustifolium"
"57751","McCorkill","Corymbia calophylla"
"57752","McCorkill","Poranthera huegelii"
"57753","McCorkill","Billardiera variifolia"
"57754","McCorkill","Neurachne alopecuroidea"
"57755","McCorkill","Amphipogon amphipogonoides"
"57756","McCorkill","Podocarpus drouynianus"
"57757","McCorkill","Comesperma calymega"
"57758","McCorkill","Xylomelum occidentale"
"57759","McCorkill","Hakea ruscifolia"
"57760","McCorkill","Banksia grandis"
"57761","McCorkill","Persoonia longifolia"
"57762","McCorkill","Hakea amplexicaulis"
"57763","McCorkill","Grevillea pulchella"
"57764","McCorkill","Adenanthos barbigerus"
"57765","McCorkill","Isopogon sphaerocephalus"
"57766","McCorkill","Petrophile linearis"
"57767","McCorkill","Loxocarya cinerea"
"57768","McCorkill","Desmocladus flexuosus"
"57769","McCorkill","Boronia crenulata"
"57770","McCorkill","Boronia spathulata"
"57771","McCorkill","Leptomeria cunninghamii"
"57772","McCorkill","Stylidium scandens"
"57773","McCorkill","Stylidium amoenum"
"57774","McCorkill","Pimelea rosea"
"57775","McCorkill","Xanthorrhoea gracilis"
"57776","McCorkill","Macrozamia riedlei"
"57777","McCorkill","Orianthera serpyllifolia"
"57851","McCorkill","Pentapeltis silvatica"
"57852","McCorkill","Xanthosia candida"
"57857","McCorkill","Lomandra sericea"
"57861","McCorkill","Stackhousia monogyna"
"57865","McCorkill","Tetraria octandra"
"57866","McCorkill","Hibbertia quadricolor"
"57868","McCorkill","Hibbertia acerosa"
"57872","McCorkill","Astroloma pallidum"
"57874","McCorkill","Ricinocarpos glaucus"
"57875","McCorkill","Lechenaultia biloba"
"57878","McCorkill","Conostylis setigera"
"57879","McCorkill","Haemodorum simplex"
"57881","McCorkill","Acacia obovata"
"57889","McCorkill","Acacia myrtifolia"
"57890","McCorkill","Pultenaea brachytropis"
"57898","McCorkill","Ehrharta laevis"
"57907","McCorkill","Conospermum capitatum"
"57908","McCorkill","Desmocladus fasciculatus"
"57912","McCorkill","Boronia gracilipes"
"57914","McCorkill","Stylidium acuminatum"
"57915","McCorkill","Stylidium luteum"
"57917","McCorkill","Pimelea sylvestris"
"57918","McCorkill","Pimelea suaveolens"
"57920","McCorkill","Tricoryne elatior"
"57928","McCorkill","Burchardia congesta"
"57939","McCorkill","Platytheca galioides"
"57940","McCorkill","Leucopogon australis"
"57942","McCorkill","Leucopogon verticillatus"
"57950","McCorkill","Patersonia occidentalis"
"57952","McCorkill","Daviesia preissii"
"57958","McCorkill","Bossiaea linophylla"
"57961","McCorkill","Acacia tayloriana"
"57967","McCorkill","Gompholobium marginatum"
"57969","McCorkill","Bossiaea rufa"
"57971","McCorkill","Thomasia foliosa"
"57985","McCorkill","Adenanthos obovatus"
"57986","McCorkill","Synaphea petiolaris"
"57989","McCorkill","Dryandra bipinnatifida"
"57990","McCorkill","Petrophile diversifolia"
"57994","McCorkill","Hypolaena exsulca"
"57997","McCorkill","Hibbertia racemosa"
"58002","McCorkill","Pimelea spectabilis"
"58004","McCorkill","Xanthorrhoea preissii"
"58005","McCorkill","Johnsonia lupulina"
"58008","McCorkill","Anarthria prolifera"
"58027","McCorkill","Leucopogon capitellatus"
"58031","McCorkill","Dampiera alata"
"58047","McCorkill","Kennedia coccinea"
"58049","McCorkill","Eutaxia virgata"
"58056","McCorkill","Eucalyptus megacarpa"
"58057","McCorkill","Olax benthamiana"
"58070","McCorkill","Dryandra lindleyana"
"58071","McCorkill","Hakea prostrata"
"58081","McCorkill","Stylidium spathulatum"
"58084","McCorkill","Agrostocrinum scabrum"
"58099","McCorkill","Hibbertia hibbertioides"
"58109","McCorkill","Cassytha racemosa"
"58115","McCorkill","Acacia alata"
"58117","McCorkill","Daviesia incrassata"
"58137","McCorkill","Hakea lissocarpha"
"69925","Yackelup","Xanthosia candida"
"69926","Yackelup","Xanthosia atkinsoniana"
"69927","Yackelup","Xanthosia huegelii"
"69928","Yackelup","Lomandra sericea"
"69929","Yackelup","Lomandra drummondii"
"69930","Yackelup","Lomandra hermaphrodita"
"69931","Yackelup","Olearia elaeophila"
"69932","Yackelup","Trichocline spathulata"
"69933","Yackelup","Lepidosperma leptostachyum"
"69934","Yackelup","Tetraria octandra"
"69935","Yackelup","Lepidosperma squamatum"
"69936","Yackelup","Hibbertia amplexicaulis"
"69937","Yackelup","Hibbertia commutata"
"69938","Yackelup","Tetratheca affinis"
"69939","Yackelup","Leucopogon capitellatus"
"69940","Yackelup","Astroloma pallidum"
"69941","Yackelup","Astroloma drummondii"
"69942","Yackelup","Leucopogon verticillatus"
"69943","Yackelup","Astroloma ciliatum"
"69944","Yackelup","Leucopogon propinquus"
"69945","Yackelup","Amperea ericoides"
"69946","Yackelup","Dampiera alata"
"69947","Yackelup","Scaevola striata"
"69948","Yackelup","Dampiera linearis"
"69949","Yackelup","Patersonia umbrosa"
"69950","Yackelup","Patersonia pygmaea"
"69951","Yackelup","Labichea punctata"
"69952","Yackelup","Bossiaea ornata"
"69953","Yackelup","Acacia pulchella"
"69954","Yackelup","Acacia extensa"
"69955","Yackelup","Sphaerolobium medium"
"69956","Yackelup","Eucalyptus marginata"
"69957","Yackelup","Corymbia calophylla"
"69958","Yackelup","Pterostylis recurva"
"69959","Yackelup","Billardiera floribunda"
"69960","Yackelup","Billardiera variifolia"
"69961","Yackelup","Billardiera heterophylla"
"69962","Yackelup","Ehrharta laevis"
"69963","Yackelup","Amphipogon amphipogonoides"
"69964","Yackelup","Stipa flavescens"
"69965","Yackelup","Hakea lissocarpha"
"69966","Yackelup","Hakea undulata"
"69967","Yackelup","Dryandra bipinnatifida"
"69968","Yackelup","Clematis pubescens"
"69969","Yackelup","Desmocladus fasciculatus"
"69970","Yackelup","Trymalium ledifolium"
"69971","Yackelup","Opercularia hispidula"
"69972","Yackelup","Boronia spathulata"
"69973","Yackelup","Leptomeria cunninghamii"
"69974","Yackelup","Stylidium amoenum"
"69975","Yackelup","Pimelea rosea"
"69976","Yackelup","Pimelea suaveolens"
"69977","Yackelup","Pimelea sylvestris"
"69978","Yackelup","Xanthorrhoea gracilis"
"69979","Yackelup","Tricoryne elatior"
"69980","Yackelup","Agrostocrinum scabrum"
"69981","Yackelup","Macrozamia riedlei"
"69982","Yackelup","Orianthera serpyllifolia"
"69985","Yackelup","Lomandra caespitosa"
"69988","Yackelup","Lomandra integra"
"69996","Yackelup","Styphelia tenuiflora"
"70001","Yackelup","Scaevola lanceolata"
"70003","Yackelup","Patersonia juncea"
"70005","Yackelup","Bossiaea linophylla"
"70007","Yackelup","Gastrolobium bilobum"
"70008","Yackelup","Chorizema rhombeum"
"70009","Yackelup","Gompholobium marginatum"
"70012","Yackelup","Hypocalymma angustifolium"
"70013","Yackelup","Phyllanthus calycinus"
"70017","Yackelup","Stipa campylachne"
"70031","Yackelup","Tricoryne humilis"
"70397","Yackelup","Thysanotus multiflorus"
"70402","Yackelup","Hibbertia diamesogenos"
"70414","Yackelup","Conostylis aculeata"
"70415","Yackelup","Conostylis setigera"
"70416","Yackelup","Haemodorum paniculatum"
"70420","Yackelup","Patersonia occidentalis"
"70421","Yackelup","Cassytha racemosa"
"70426","Yackelup","Kennedia prostrata"
"70427","Yackelup","Acacia varia"
"70429","Yackelup","Gompholobium capitatum"
"70430","Yackelup","Gompholobium ovatum"
"70431","Yackelup","Hovea trisperma"
"70432","Yackelup","Babingtonia camphorosmae"
"70436","Yackelup","Calytrix flavescens"
"70444","Yackelup","Grevillea pulchella"
"70445","Yackelup","Petrophile serruriae"
"70446","Yackelup","Synaphea petiolaris"
"70447","Yackelup","Dryandra lindleyana"
"70449","Yackelup","Petrophile linearis"
"70452","Yackelup","Desmocladus flexuosus"
"70456","Yackelup","Asterolasia pallida"
"70458","Yackelup","Stylidium repens"
"70459","Yackelup","Hibbertia racemosa"
"70460","Yackelup","Stylidium brunonianum"
"70465","Yackelup","Xanthorrhoea preissii"
"70475","Yackelup","Gahnia trifida"
"70495","Yackelup","Acacia browniana"
"70497","Yackelup","Gompholobium preissii"
"70498","Yackelup","Bossiaea rufa"
"70501","Yackelup","Gompholobium tomentosum"
"70510","Yackelup","Aira cupaniana"
"70512","Yackelup","Comesperma virgatum"
"70517","Yackelup","Persoonia longifolia"
"70519","Yackelup","Hypolaena exsulca"
"70538","Yackelup","Chamaescilla corymbosa"
"70539","Yackelup","Lomandra spartea"
"70541","Yackelup","Lomandra sonderi"
"70542","Yackelup","Isotoma hypocrateriformis"
"70543","Yackelup","Senecio hispidulus"
"70549","Yackelup","Platytheca galioides"
"70559","Yackelup","Lechenaultia formosa"
"70562","Yackelup","Anigozanthos manglesii"
"70563","Yackelup","Glischrocaryon aureum"
"70566","Yackelup","Luzula meridionalis"
"70568","Yackelup","Kennedia coccinea"
"70572","Yackelup","Gompholobium polymorphum"
"70591","Yackelup","Conospermum capitatum"
"70605","Yackelup","Ptilotus manglesii"
"70613","Yackelup","Sowerbaea laxiflora"
"70614","Yackelup","Stackhousia monogyna"
"70631","Yackelup","Velleia trinervis"
"70647","Yackelup","Kennedia microphylla"
"70669","Yackelup","Levenhookia pusilla"
"70670","Yackelup","Stylidium ciliatum"
"70673","Yackelup","Dianella revoluta"
"348","Hitchiti","Rhus copallinum"
"349","Hitchiti","Elephantopus tomentosus"
"350","Hitchiti","Pseudognaphalium obtusifolium"
"351","Hitchiti","Quercus falcata"
"352","Hitchiti","Gelsemium sempervirens"
"353","Hitchiti","Callicarpa americana"
"354","Hitchiti","Centrosema virginianum"
"355","Hitchiti","Lespedeza repens"
"356","Hitchiti","Pinus taeda"
"357","Hitchiti","Saccharum alopecuroides"
"358","Hitchiti","Smilax bona-nox"
"35910","Hitchiti","Smilax glauca"
"360","Hitchiti","Vitis rotundifolia"
"36110","Hitchiti","Dichanthelium NA"
"3628","Hitchiti","Scleria NA"
"36310","Hitchiti","Solidago NA"
"36410","Hitchiti","Unidentified species"
"36510","Hitchiti","Aster dumosus"
"36610","Hitchiti","Solidago odora"
"36710","Hitchiti","Cornus florida"
"36810","Hitchiti","Desmodium ciliare"
"36910","Hitchiti","Potentilla canadensis"
"3705","Hitchiti","Liquidambar styraciflua"
"37110","Hitchiti","Nyssa sylvatica"
"37210","Hitchiti","Cercis canadensis"
"37310","Hitchiti","Acer rubrum"
"37410","Hitchiti","Ulmus alata"
"3758","Hitchiti","Andropogon NA"
"37610","Hitchiti","Rubus NA"
"37710","Hitchiti","Quercus nigra"
"37810","Hitchiti","Galactia regularis"
"37910","Hitchiti","Desmodium rotundifolium"
"38010","Hitchiti","Panicum anceps"
"3819","Hitchiti","Prunus serotina"
"38210","Hitchiti","Crataegus NA"
"38310","Hitchiti","Galium NA"
"38410","Hitchiti","Vaccinium stamineum"
"38510","Hitchiti","Vaccinium arboreum"
"38610","Hitchiti","Quercus alba"
"38710","Hitchiti","Mimosa quadrivalvis"
"3881","Hitchiti","Desmodium NA"
"38910","Hitchiti","Polystichum acrostichoides"
"39010","Hitchiti","Acer saccharum"
"39110","Hitchiti","Ruellia caroliniensis"
"3942","Hitchiti","Carya glabra"
"401","Hitchiti","Hypericum NA"
"405","Hitchiti","Eupatorium capillifolium"
"410","Hitchiti","Lespedeza juncea"
"413","Hitchiti","Lonicera japonica"
"414","Hitchiti","Quercus stellata"
"417","Hitchiti","Chrysopsis NA"
"418","Hitchiti","Rhynchosia NA"
"422","Hitchiti","Desmodium rigidum"
"423","Hitchiti","Clitoria mariana"
"425","Hitchiti","Euphorbia NA"
"430","Hitchiti","Prunus NA"
"432","Hitchiti","Hieracium gronovii"
"434","Hitchiti","Rhynchosia tomentosa"
"4361","Hitchiti","Cirsium NA"
"4371","Hitchiti","Tephrosia NA"
"4381","Hitchiti","Stylosanthes biflora"
"4391","Hitchiti","Eragrostis spectabilis"
"4431","Hitchiti","Yucca NA"
"4441","Hitchiti","Acalypha gracilens"
"4461","Hitchiti","Sorghastrum nutans"
"4471","Hitchiti","Celtis NA"
"4481","Hitchiti","Vaccinium elliottii"
"4491","Hitchiti","Oxalis corniculata"
"4521","Hitchiti","Gentiana NA"
"4531","Hitchiti","Danthonia NA"
"4551","Hitchiti","Diospyros virginiana"
"4591","Hitchiti","Smilax rotundifolia"
"471","Hitchiti","Asimina parviflora"
"472","Hitchiti","Rhus aromatica"
"477","Hitchiti","Berchemia scandens"
"479","Hitchiti","Fraxinus americana"
"487","Hitchiti","Tridens flavus"
"494","Hitchiti","Tragia urticifolia"
"496","Hitchiti","Tephrosia virginiana"
"497","Hitchiti","Lygodium japonicum"
"513","Hitchiti","Chimaphila maculata"
"515","Hitchiti","Parthenocissus quinquefolia"
"526","Hitchiti","Botrychium NA"
"530","Hitchiti","Microstegium vimineum"
"5511","Hitchiti","Ilex opaca"
"573","Hitchiti","Viburnum rufidulum"
"576","Hitchiti","Cocculus carolinus"
"5911","Hitchiti","Euonymus americanus"
"599","Hitchiti","Lobelia puberula"
"6011","Hitchiti","Desmodium strictum"
"615","Hitchiti","Bignonia capreolata"
"620","Hitchiti","Aristida purpurascens"
"6411","Hitchiti","Mitchella repens"
"666","Hitchiti","Ilex decidua"
"709","Hitchiti","Verbesina occidentalis"
"720","Hitchiti","Tephrosia hispidula"
"7211","Hitchiti","Gymnopogon ambiguus"
"724","Hitchiti","Solanum carolinense"
"726","Hitchiti","Agrostis NA"
"740","Hitchiti","Passiflora edulis"
"743","Hitchiti","Viola NA"
"745","Hitchiti","Symphyotrichum pilosum"
"751","Hitchiti","Pityopsis graminifolia"
"752","Hitchiti","Helianthus angustifolius"
"757","Hitchiti","Galium aparine"
"758","Hitchiti","Eupatorium NA"
"759","Hitchiti","Jacquemontia tamnifolia"
"7611","Hitchiti","Ipomoea rubriflora"
"764","Hitchiti","Eragrostis hirsuta"
"765","Hitchiti","Erechtites hieracifolia"
"768","Hitchiti","Botrychium virginianum"
"785","Hitchiti","Hamamelis virginiana"
"8101","Hitchiti","Chrysopsis mariana"
"887","Hitchiti","Amelanchier arborea"
"897","Hitchiti","Symplocos tinctoria"
"916","Hitchiti","Quercus phellos"
"919","Hitchiti","Toxicodendron radicans"
"922","Hitchiti","Quercus rubra"
"125","CedarCreek","Elymus canadensis"
"244","CedarCreek","Equisetum laevigatum"
"344","CedarCreek","Populus tremuloides"
"4126","CedarCreek","Eragrostis spectabilis"
"6165","CedarCreek","Agropyron repens"
"8119","CedarCreek","Euphorbia corollata"
"980","CedarCreek","Ambrosia artemisiifolia elatior"
"1149","CedarCreek","Ambrosia coronopifolia"
"126","CedarCreek","Asclepias ovalifolia"
"1531","CedarCreek","Rubus pubescens"
"165","CedarCreek","Asclepias syriaca"
"2071","CedarCreek","Amelanchier humilis"
"2121","CedarCreek","Quercus ellipsoidalis"
"2231","CedarCreek","Fragaria virginiana"
"24","CedarCreek","Aster azureus"
"25","CedarCreek","Rumex acetosella"
"26","CedarCreek","Amelanchier laevis"
"27","CedarCreek","Amelanchier sanguinea"
"28","CedarCreek","Amelanchier sp."
"33","CedarCreek","Maianthemum canadense"
"34","CedarCreek","Galium boreale"
"36","CedarCreek","Amorpha canescens"
"41","CedarCreek","Galium triflorum"
"42","CedarCreek","Amphicarpa bracteata"
"4840","CedarCreek","Helianthemum bicknellii"
"4939","CedarCreek","Helianthus giganteus"
"5158","CedarCreek","Andropogon gerardi"
"5229","CedarCreek","Ranunculus rhomboideus"
"5535","CedarCreek","Helianthus laetiflorus"
"61","CedarCreek","Koeleria cristata"
"62","CedarCreek","Solidago canadensis"
"63","CedarCreek","Anemone cylindrica"
"66","CedarCreek","Antennaria neglecta"
"67","CedarCreek","Antennaria sp."
"70","CedarCreek","Lathyrus venosus"
"71","CedarCreek","Apocynum androsaemifolium"
"7645","CedarCreek","Aralia nudicaulis"
"7949","CedarCreek","Lechea stricta"
"8023","CedarCreek","Leptoloma cognatum"
"8210","CedarCreek","Lespedeza capitata"
"8423","CedarCreek","Arenaria lateriflora"
"8955","CedarCreek","Rosa arkansana"
"9078","CedarCreek","Rubus allegheniensis"
"9121","CedarCreek","Rubus flagellaris"
"9221","CedarCreek","Carex sp."
"9339","CedarCreek","Lithospermum canescens"
"9669","CedarCreek","Lithospermum caroliniense"
"104100","CedarCreek","Asclepias tuberosa"
"105100","CedarCreek","Rudbeckia hirta"
"10710","CedarCreek","Lychnis alba"
"111","CedarCreek","Chenopodium album"
"113","CedarCreek","Panicum virgatum"
"121","CedarCreek","Melilotus alba"
"122","CedarCreek","Parthenocissus quinquefolia"
"124","CedarCreek","Aster sp."
"129","CedarCreek","Pedicularis canadensis"
"130","CedarCreek","Comandra umbellata"
"131","CedarCreek","Setaria glauca"
"132","CedarCreek","Coreopsis palmata"
"137","CedarCreek","Physalis virginiana"
"14010","CedarCreek","Sisyrinchium campestre"
"14910","CedarCreek","Smilacina stellata"
"15210","CedarCreek","Vaccinium angustifolium"
"15310","CedarCreek","Monarda fistulosa"
"15610","CedarCreek","Mosses"
"15810","CedarCreek","Bromus inermis"
"1599","CedarCreek","Solidago gigantea"
"163","CedarCreek","Bromus sp."
"166","CedarCreek","Calamagrostis canadensis"
"167","CedarCreek","Crepis tectorum"
"172","CedarCreek","Polygonatum biflorum"
"174","CedarCreek","Muhlenbergia racemosa"
"175","CedarCreek","Solidago missouriensis"
"177","CedarCreek","Campanula aparinoides"
"179","CedarCreek","Campanula rotundifolia"
"184","CedarCreek","Oxybaphus hirsutus"
"185","CedarCreek","Carex pennsylvanica"
"186","CedarCreek","Panicum oligosanthes"
"187","CedarCreek","Solidago nemoralis"
"188","CedarCreek","Potentilla arguta"
"192","CedarCreek","Carex pensylvanica"
"196","CedarCreek","Solidago speciosa"
"197","CedarCreek","Panicum perlongum"
"199","CedarCreek","Sorghastrum nutans"
"20112","CedarCreek","Panicum praecocious"
"21112","CedarCreek","Stipa spartea"
"21310","CedarCreek","Chenopodium leptophyllum"
"21910","CedarCreek","Parthenocissus sp."
"22910","CedarCreek","Tradescantia occidentalis"
"23111","CedarCreek","Petalostemum candida"
"23410","CedarCreek","Conyza canadensis"
"2367","CedarCreek","Phlox pilosa"
"243","CedarCreek","Corylus americana"
"248","CedarCreek","Poa pratensis"
"254","CedarCreek","Lactuca sp."
"256","CedarCreek","Rubus occidentalis"
"258","CedarCreek","Viola pedatifida"
"259","CedarCreek","Cyperus sp."
"262","CedarCreek","Polygonum convolvulus"
"265","CedarCreek","Equisetum hyemale"
"273","CedarCreek","Erechtites hieracifolia"
"274","CedarCreek","Erigeron canadensis"
"276","CedarCreek","Rubus sp."
"277","CedarCreek","Fragaria vesca (americana)"
"281","CedarCreek","Rubus strigosus"
"284","CedarCreek","Stachys palustris"
"29410","CedarCreek","Rhus glabra"
"29815","CedarCreek","Taraxacum sp."
"29910","CedarCreek","Quercus macrocarpa"
"3168","CedarCreek","Polygonum tenue"
"35814","CedarCreek","Phlox sp."
"36115","CedarCreek","Viola sagittata"
"36315","CedarCreek","Sporobolus heterolepis"
"36915","CedarCreek","Rudbeckia serotina"
"37815","CedarCreek","Schizachyrium scoparium"
"38114","CedarCreek","Taraxacum officinale"
"38615","CedarCreek","Parthenocissus vitacea"
"38715","CedarCreek","Scutellaria parvula"
"39215","CedarCreek","Viola sp."
"39315","CedarCreek","Polygala polygama"
"39515","CedarCreek","Phalaris arundinacea"
"39715","CedarCreek","Senecio pauperculus"
"40614","CedarCreek","Rosa blanda"
"40710","CedarCreek","Solidago rigida"
"4169","CedarCreek","Solidago uliginosa"
"42010","CedarCreek","Prunus serotina"
"4239","CedarCreek","Quercus alba"
"42610","CedarCreek","Prunus virginiana"
"44210","CedarCreek","Pedicularis sp."
"4438","CedarCreek","Rhus radicans"
"45410","CedarCreek","Sonchus arvensis"
"47110","CedarCreek","Cyperus filiculmis"
"48110","CedarCreek","Erigeron strigosus"
"48410","CedarCreek","Smilax herbacea"
"49610","CedarCreek","Calamovilfa longifolia"
"5189","CedarCreek","Liatris aspera"
"5334","CedarCreek","Forb seedlings"
"55510","CedarCreek","Desmodium canadense"
"57110","CedarCreek","Panicum lanuginosum"
"5757","CedarCreek","Mirabilis hirsuta"
"5843","CedarCreek","Solidago graminifolia"
"58610","CedarCreek","Euthamia graminifolia"
"60710","CedarCreek","Artemisia ludoviciana"
"6372","CedarCreek","Carex bicknelli"
"646100","CedarCreek","Panicum capillare"
"6507","CedarCreek","Fungi"
"65210","CedarCreek","Solidago juncea"
"66010","CedarCreek","Lactuca canadensis"
"705100","CedarCreek","Uvularia sessifolia"
"71110","CedarCreek","Celastrus scandens"
"71610","CedarCreek","Apocynum sibiricum"
"73110","CedarCreek","Cladonia Lichens"
"73710","CedarCreek","Anemone patens"
"87210","CedarCreek","Scleria triglomerata"
"91910","CedarCreek","Anemone quinquefolia"
"92510","CedarCreek","Scutellaria lateriflora"
"92710","CedarCreek","Quercus sp."
"94310","CedarCreek","Rubus idaeus"
"956","CedarCreek","Prunus americana"
"9956","CedarCreek","Bouteloua curtipendula"
"10031","CedarCreek","Danthonia spicata"
"10101","CedarCreek","Ambrosia sp."
"10181","CedarCreek","Oenothera biennis"
"10231","CedarCreek","Rosa carolina"
"1052","CedarCreek","Bouteloua hirsuta"
"10861","CedarCreek","Cyperus schweinitzii"
"11151","CedarCreek","Physalis heterophylla"
"11191","CedarCreek","Trientalis borealis"
"11651","CedarCreek","Solidago sp."
"1166","CedarCreek","Digitaria ischaemum"
"12211","CedarCreek","Solanum caroliniense"
"12261","CedarCreek","Euphorbia glyptosperma"
"1250","CedarCreek","Agrostis scabra"
"1286","CedarCreek","Digitaria sanguinalis"
"1299","CedarCreek","Potentilla simplex"
"1350","CedarCreek","Spartina pectinata"
"13861","CedarCreek","Asclepias sp."
"1440","CedarCreek","Delphinium virescens"
"1561","CedarCreek","Grass seedlings"
"1590","CedarCreek","Artemisia campestris"
"17101","CedarCreek","Bouteloua gracilis "
"1770","CedarCreek","Sporobolus cryptandrus"
"17711","CedarCreek","Urtica dioica"
"1797","CedarCreek","Penstemon grandiflorus"
"1806","CedarCreek","Ilex verticillata"
"18731","CedarCreek","Aster ericoides"
"19551","CedarCreek","Asclepias verticillata"
"19751","CedarCreek","Vitis riparia"
"2101","CedarCreek","Smilacina racemosa"
"21021","CedarCreek","Salix discolor"
"21331","CedarCreek","Ceanothus americanus"
"21361","CedarCreek","Phleum pratense"
"21441","CedarCreek","Vaccinium myrtilloides"
"21541","CedarCreek","Equisetum sp."
"21651","CedarCreek","Cornus stolonifera"
"22231","CedarCreek","Cornus racemosa"
"2250","CedarCreek","Bromus kalmii"
"22761","CedarCreek","Prunus sp."
"2297","CedarCreek","Acer rubrum"
"23041","CedarCreek","Anemone virginiana"
"2358","CedarCreek","Elymus trachycaulus"
"24931","CedarCreek","Pyrola sp."
"25151","CedarCreek","Chenopodium sp."
"2556","CedarCreek","Chrysopsis villosa"
"25721","CedarCreek","Pyrus malus"
"25911","CedarCreek","Petalostemum villosum"
"27131","CedarCreek","Viola selkirkii"
"2736","CedarCreek","Populus balsamifera"
"27641","CedarCreek","Rhamnus cathartica"
"28161","CedarCreek","Bromus ciliatus"
"28441","CedarCreek","Salix sp."
"28951","CedarCreek","Salix humilis"
"29171","CedarCreek","Populus grandidentata"
"29281","CedarCreek","Galium aparine"
"29401","CedarCreek","Betula papyrifera"
"29751","CedarCreek","Ulmus americana"
"29841","CedarCreek","Juniperus communis"
"30216","CedarCreek","Oxalis stricta"
"30541","CedarCreek","Acer negundo"
"3074","CedarCreek","Circaea quadrisulcata"
"31041","CedarCreek","Rhamnus frangula"
"31316","CedarCreek","Prunus pensylvanica"
"31481","CedarCreek","Hackelia americana"
"31521","CedarCreek","Agrimonia sp."
"31571","CedarCreek","Plantago major"
"31851","CedarCreek","Cryptogams"
"32041","CedarCreek","Lycopodium complanatum"
"33081","CedarCreek","Apocynum cannabinum"
"33141","CedarCreek","Polygonum scandens"
"33201","CedarCreek","Andropogon gerardii"
"33371","CedarCreek","Stellaria longifolia"
"33751","CedarCreek","Parthenocissus inserta"
"33791","CedarCreek","Pyrola rotundifolia"
"34741","CedarCreek","Osmorhiza claytonii"
"35315","CedarCreek","Arisaema triphyllum"
"35515","CedarCreek","Woody seedling"
"35841","CedarCreek","Aquilegia canadensis"
"3679","CedarCreek","Carex stricta"
"37001","CedarCreek","Zanthoxylem americanum"
"3736","CedarCreek","Apocynum sp."
"38701","CedarCreek","Oxalis sp."
"39291","CedarCreek","Stachys tenuifolia"
"39421","CedarCreek","Trifolium sp."
"39591","CedarCreek","Asclepias exaltata"
"39616","CedarCreek","Vaccinium sp."
"39671","CedarCreek","Trifolium repens"
"39716","CedarCreek","Solanum dulcamara"
"39881","CedarCreek","Phryma leptostachya"
"40331","CedarCreek","Pyrola elliptica"
"41541","CedarCreek","Prunella vulgaris"
"4190","CedarCreek","Amelanchier arborea"
"4240","CedarCreek","Aster macrophyllus"
"42941","CedarCreek","Pilea pumila"
"4300","CedarCreek","Cornus sp."
"43191","CedarCreek","Desmodium glutinosum"
"43421","CedarCreek","Fraxinus pennsylvanica"
"4376","CedarCreek","Lathyrus palustris"
"44051","CedarCreek","Unknown woody"
"4406","CedarCreek","Parietaria pensylvanica"
"4458","CedarCreek","Prenanthes alba"
"4459","CedarCreek","Achillea millefolium"
"4467","CedarCreek","Agrostis alba"
"44921","CedarCreek","Glechoma hederacea"
"46221","CedarCreek","Pycnanthemum virginianum"
"4665","CedarCreek","Spiraea tomentosa"
"4688","CedarCreek","Lysimachia ciliata"
"4745","CedarCreek","Robinia pseudoacacia"
"4797","CedarCreek","Mollugo verticillata"
"4849","CedarCreek","Acer saccharum"
"4896","CedarCreek","Hieracium aurantiacum"
"49011","CedarCreek","Lactuca biennis"
"5049","CedarCreek","Sedge"
"51271","CedarCreek","Rhus sp."
"5150","CedarCreek","Lonicera dioica"
"51821","CedarCreek","Lathyrus ochroleucus"
"5234","CedarCreek","Lonicera tatarica"
"5378","CedarCreek","Agastache foeniculum"
"5403","CedarCreek","Rhus vernix"
"54814","CedarCreek","Lepidium densiflorum"
"5707","CedarCreek","Setaria viridis"
"5727","CedarCreek","Solanum sp."
"5790","CedarCreek","Acer sp."
"579110","CedarCreek","Pteridium aquilinum"
"5797","CedarCreek","Geranium maculatum"
"58321","CedarCreek","Athyrium angustum"
"58611","CedarCreek","Pinus strobus"
"5867","CedarCreek","Dryopteris spinulosa"
"58721","CedarCreek","Eupatorium rugosum"
"59621","CedarCreek","Euphorbia sp."
"5968","CedarCreek","Aster lanceolatus (var. simplex)"
"5970","CedarCreek","Hedeoma hispida"
"5978","CedarCreek","Hieracium longipilum"
"5993","CedarCreek","Onoclea sensibilis"
"5997","CedarCreek","Aristida basiramea"
"60021","CedarCreek","Lobelia spicata"
"6019","CedarCreek","Petalostemum purpureum"
"6039","CedarCreek","Digitaria sp."
"61131","CedarCreek","Lepidium sp."
"6128","CedarCreek","Tragopogon dubius"
"6163","CedarCreek","Silene antirrhina"
"6174","CedarCreek","Verbascum thapsis"
"6305","CedarCreek","Penstemon gracilis"
"6346","CedarCreek","Lycopus uniflorus"
"6457","CedarCreek","Scirpus sp."
"6467","CedarCreek","Polygala sanquinea"
"6492","CedarCreek","Oenothera sp."
"6553","CedarCreek","Carex muhlenbergii"
"6683","CedarCreek","Rubus canadensis"
"6702","CedarCreek","Polygonum sp."
"6735","CedarCreek","Potentilla recta"
"6823","CedarCreek","Aster simplex"
"6852","CedarCreek","Potentilla sp."
"6877","CedarCreek","Penstemon sp."
"70111","CedarCreek","Trifolium pratense"
"7045","CedarCreek","Polygonum persicaria"
"7079","CedarCreek","Fraxinus sp."
"7090","CedarCreek","Gnaphalium obtusifolium"
"7131","CedarCreek","Aristida tuberculosa"
"72121","CedarCreek","Polygonella articulata"
"73101","CedarCreek","Erigeron sp."
"7336","CedarCreek","Gnaphalium uliginosum"
"7344","CedarCreek","Polygonatum sp."
"7407","CedarCreek","Viburnum lentago"
"75151","CedarCreek","Helianthus sp."
"7529","CedarCreek","Anemone sp."
"7690","CedarCreek","Diervilla lonicera"
"7849","CedarCreek","Amelanchier alnifolia"
"7888","CedarCreek","Heuchera richardsonii"
"8371","CedarCreek","Chenopodium hybridum"
"8493","CedarCreek","Lithospermum sp."
"88121","CedarCreek","Spiraea alba"
"8863","CedarCreek","Euthamia gramnifolia"
"8926","CedarCreek","Linaria vulgaris"
"9156","CedarCreek","Panicum sp."
"9433","CedarCreek","Potentilla palustris"
"9620","CedarCreek","Alnus sp."
"9719","CedarCreek","Schizachne purpurascens"
"9786","CedarCreek","Circium arvense"
"9972","CedarCreek","Viola canadensis"
