"","V1","V2"
"1","Aquifoliaceae","Ilex glabra"
"2","Arecaceae","Serenoa repens"
"3","Dennstaedtiaceae","Pteridium aquilinum"
"4","Ericaceae","Gaylussacia dumosa"
"5","Ericaceae","Lyonia lucida"
"6","Ericaceae","Lyonia mariana"
"7","Ericaceae","Vaccinium myrsinites"
"8","Ericaceae","Lyonia fruticosa"
"9","Melastomataceae","Rhexia lutea"
"10","Myricaceae","Morella cerifera"
"11","Pinaceae","Pinus elliottii"
"12","Poaceae","Aristida stricta"
"13","Poaceae","Sporobolus curtissii"
"14","Poaceae","Andropogon virginicus"
"15","Poaceae","Ctenium aromaticum"
"16","Rosaceae","Prunus virginiana"
"17","Sapindaceae","Acer rubrum"
"18","Smilacaceae","Smilax laurifolia"
"19","Symplocaceae","Symplocos tinctoria"
"20","Fagaceae","Quercus NA"
"21","Fagaceae","Quercus pumila"
"22","Melastomataceae","Rhexia mariana"
"23","Ericaceae","Lyonia NA"
"24","Compositae","Pityopsis graminifolia"
"25","Compositae","Carphephorus odoratissimus"
"26","Compositae","Helianthus radula"
"27","Compositae","Elephantopus elatus"
"28","Compositae","Erigeron canadensis"
"29","Compositae","Pterocaulon virgatum"
"30","Eriocaulaceae","Eriocaulon lineare"
"31","Gentianaceae","Sabatia brevifolia"
"32","Leguminosae","Tephrosia virginiana"
"33","Poaceae","Sorghastrum secundum"
"34","Poaceae","Schizachyrium scoparium"
"35","Poaceae","Schizachyrium tenerum"
"36","Rosaceae","Rubus cuneifolius"
"37","Asteraceae","Eupatorium NA"
"38","Poaceae","Panicum NA"
"39","Compositae","Bigelowia nudata"
"40","Eriocaulaceae","Lachnocaulon anceps"
"41","Lauraceae","Persea borbonia"
"42","Poaceae","Sporobolus floridanus"
"43","Poaceae","Panicum virgatum"
"44","Sarraceniaceae","Sarracenia flava"
"45","Compositae","Pityopsis aspera"
"46","Cornaceae","Nyssa sylvatica"
"47","Euphorbiaceae","Tragia urens"
"48","Leguminosae","Chamaecrista nictitans"
"49","Leguminosae","Baptisia tinctoria"
"50","Leguminosae","Desmodium ciliare"
"51","Poaceae","Aristida purpurascens"
"52","Asteraceae","Liatris NA"
"53","Sapindaceae","Sapindus NA"
"54","Lamiaceae","Scutellaria NA"
"55","Asteraceae","Solidago NA"
"56","Vitaceae","Vitis NA"
"57","Ericaceae","Vaccinium corymbosum"
"58","Orobanchaceae","Seymeria cassioides"
"59","Poaceae","Dactyloctenium aegyptium"
"60","Iridaceae","Iris NA"
"61","Lycopodiaceae","Lycopodium NA"
"62","Sarraceniaceae","Sarracenia NA"
"63","Anacardiaceae","Rhus copallinum"
"64","Hypericaceae","Hypericum mutilum"
"65","Leguminosae","Rhynchosia reniformis"
"66","Poaceae","Eragrostis refracta"
"67","Poaceae","Andropogon ternarius"
"68","Apocynaceae","Asclepias NA"
"69","Aquifoliaceae","Ilex myrtifolia"
"70","Amaranthaceae","Chenopodium incisum"
"71","Asparagaceae","Echeandia flavescens"
"72","Compositae","Solidago velutina"
"73","Compositae","Cirsium wheeleri"
"74","Compositae","Pseudognaphalium macounii"
"75","Compositae","Artemisia ludoviciana"
"76","Compositae","Laennecia schiedeana"
"77","Compositae","Packera multilobata"
"78","Cyperaceae","Carex occidentalis"
"79","Iridaceae","Iris missouriensis"
"80","Leguminosae","Ottleya wrightii"
"81","Leguminosae","Lupinus argenteus"
"82","Leguminosae","Oxytropis lambertii"
"83","Leguminosae","Trifolium longipes"
"84","Leguminosae","Vicia americana"
"85","Pinaceae","Pinus ponderosa"
"86","Plantaginaceae","Linaria dalmatica"
"87","Poaceae","Muhlenbergia montana"
"88","Poaceae","Festuca arizonica"
"89","Poaceae","Elymus elymoides"
"90","Poaceae","Poa fendleriana"
"91","Poaceae","Muhlenbergia ramulosa"
"92","Polygonaceae","Polygonum douglasii"
"93","Rhamnaceae","Ceanothus fendleri"
"94","Rosaceae","Rosa woodsii"
"95","","Unidentified species"
"96","Apiaceae","Cymopterus lemmonii"
"97","Ranunculaceae","Thalictrum fendleri"
"98","Compositae","Antennaria parvifolia"
"99","Compositae","Achillea millefolium"
"100","Compositae","Erigeron divergens"
"101","Convolvulaceae","Ipomoea plummerae"
"102","Cyperaceae","Cyperus fendlerianus"
"103","Leguminosae","Astragalus humistratus"
"104","Onagraceae","Epilobium brachycarpum"
"105","Plantaginaceae","Penstemon virgatus"
"106","Poaceae","Bromus ciliatus"
"107","Poaceae","Blepharoneuron tricholepis"
"108","Polygonaceae","Eriogonum racemosum"
"109","Caryophyllaceae","Drymaria leptophylla"
"110","Rosaceae","Potentilla diversifolia"
"111","Rubiaceae","Houstonia wrightii"
"112","Boraginaceae","Nama dichotoma"
"113","Caryophyllaceae","Arenaria lanuginosa"
"114","Compositae","Hieracium fendleri"
"115","Compositae","Symphyotrichum falcatum"
"116","Compositae","Senecio eremophilus"
"117","Compositae","Taraxacum campylodes"
"118","Euphorbiaceae","Euphorbia serpyllifolia"
"119","Geraniaceae","Geranium caespitosum"
"120","Poaceae","Muhlenbergia wrightii"
"121","Rosaceae","Potentilla crinita"
"122","Scrophulariaceae","Verbascum thapsus"
"123","Asteraceae","Erigeron NA"
"124","Amaranthaceae","Chenopodium fremontii"
"125","Compositae","Senecio actinella"
"126","Boraginaceae","Lithospermum multiflorum"
"127","Brassicaceae","Pennellia longifolia"
"128","Compositae","Heliomeris multiflora"
"129","Poaceae","Chondrosum gracile"
"130","Euphorbiaceae","Tragia ramosa"
"131","Compositae","Heterotheca villosa"
"132","Linaceae","Linum australe"
"133","Poaceae","Poa pratensis"
"134","Compositae","Erigeron flagellaris"
"135","Compositae","Antennaria rosulata"
"136","Compositae","Hymenoxys bigelovii"
"137","Leguminosae","Cologania angustifolia"
"138","Leguminosae","Lupinus kingii"
"139","Compositae","Amauriopsis dissecta"
"140","Oxalidaceae","Oxalis caerulea"
"141","Poaceae","Koeleria macrantha"
"142","Compositae","Tragopogon dubius"
"143","Rosaceae","Geum triflorum"
"144","Acanthaceae","Dyschoriste oblongifolia"
"145","Acanthaceae","Ruellia caroliniensis"
"146","Anacardiaceae","Toxicodendron pubescens"
"147","Anacardiaceae","Toxicodendron radicans"
"148","Annonaceae","Asimina angustifolia"
"149","Apiaceae","Eryngium yuccifolium"
"150","Apocynaceae","Asclepias michauxii"
"151","Apocynaceae","Asclepias amplexicaulis"
"152","Apocynaceae","Asclepias verticillata"
"153","Aristolochiaceae","Aristolochia serpentaria"
"154","Boraginaceae","Lithospermum caroliniense"
"155","Cactaceae","Opuntia humifusa"
"156","Caprifoliaceae","Lonicera japonica"
"157","Caryophyllaceae","Paronychia rugelii"
"158","Caryophyllaceae","Stipulicida setacea"
"159","Chrysobalanaceae","Licania michauxii"
"160","Cistaceae","Lechea minor"
"161","Cistaceae","Helianthemum carolinianum"
"162","Cistaceae","Helianthemum rosmarinifolium"
"163","Commelinaceae","Commelina erecta"
"164","Commelinaceae","Tradescantia hirsutiflora"
"165","Compositae","Vernonia angustifolia"
"166","Compositae","Symphyotrichum concolor"
"167","Compositae","Solidago odora"
"168","Compositae","Symphyotrichum adnatum"
"169","Compositae","Chrysopsis mariana"
"170","Compositae","Symphyotrichum dumosum"
"171","Compositae","Eupatorium compositifolium"
"172","Compositae","Sericocarpus tortifolius"
"173","Compositae","Eupatorium hyssopifolium"
"174","Compositae","Liatris tenuifolia"
"175","Compositae","Solidago tortifolia"
"176","Compositae","Hieracium gronovii"
"177","Compositae","Erechtites hieraciifolius"
"178","Compositae","Liatris pilosa"
"179","Compositae","Pterocaulon pycnostachyum"
"180","Compositae","Rudbeckia hirta"
"181","Compositae","Helianthus angustifolius"
"182","Compositae","Ionactis linariifolia"
"183","Compositae","Lygodesmia aphylla"
"184","Compositae","Ageratina aromatica"
"185","Compositae","Pseudognaphalium obtusifolium"
"186","Compositae","Solidago stricta"
"187","Compositae","Ambrosia artemisiifolia"
"188","Compositae","Brickellia eupatorioides"
"189","Compositae","Cirsium horridulum"
"190","Compositae","Erigeron strigosus"
"191","Compositae","Eupatorium album"
"192","Compositae","Lactuca canadensis"
"193","Convolvulaceae","Stylisma humistrata"
"194","Convolvulaceae","Ipomoea pandurata"
"195","Cyperaceae","Rhynchospora harveyi"
"196","Cyperaceae","Scleria ciliata"
"197","Cyperaceae","Bulbostylis ciliatifolia"
"198","Cyperaceae","Cyperus filiculmis"
"199","Cyperaceae","Cyperus plukenetii"
"200","Ebenaceae","Diospyros virginiana"
"201","Ericaceae","Vaccinium arboreum"
"202","Ericaceae","Vaccinium stamineum"
"203","Ericaceae","Gaylussacia frondosa"
"204","Euphorbiaceae","Croton argyranthemus"
"205","Euphorbiaceae","Euphorbia pubentissima"
"206","Euphorbiaceae","Acalypha gracilens"
"207","Euphorbiaceae","Cnidoscolus urens"
"208","Euphorbiaceae","Stillingia sylvatica"
"209","Euphorbiaceae","Tragia smallii"
"210","Fagaceae","Quercus laevis"
"211","Fagaceae","Quercus virginiana"
"212","Fagaceae","Quercus margarettae"
"213","Fagaceae","Quercus laurifolia"
"214","Fagaceae","Quercus incana"
"215","Fagaceae","Quercus falcata"
"216","Fagaceae","Quercus geminata"
"217","Fagaceae","Quercus nigra"
"218","Gelsemiaceae","Gelsemium sempervirens"
"219","Hypericaceae","Hypericum hypericoides"
"220","Hypericaceae","Hypericum gentianoides"
"221","Hypericaceae","Hypericum suffruticosum"
"222","Hypoxidaceae","Hypoxis wrightii"
"223","Iridaceae","Sisyrinchium xerophyllum"
"224","Juglandaceae","Carya glabra"
"225","Lamiaceae","Dicerandra linearifolia"
"226","Lamiaceae","Scutellaria integrifolia"
"227","Lamiaceae","Trichostema setaceum"
"228","Lauraceae","Sassafras albidum"
"229","Leguminosae","Clitoria mariana"
"230","Leguminosae","Mimosa quadrivalvis"
"231","Leguminosae","Galactia regularis"
"232","Leguminosae","Stylosanthes biflora"
"233","Leguminosae","Galactia erecta"
"234","Leguminosae","Galactia mollis"
"235","Leguminosae","Lespedeza repens"
"236","Leguminosae","Crotalaria rotundifolia"
"237","Leguminosae","Strophostyles umbellata"
"238","Leguminosae","Tephrosia florida"
"239","Leguminosae","Centrosema virginianum"
"240","Leguminosae","Lespedeza angustifolia"
"241","Leguminosae","Crotalaria purshii"
"242","Leguminosae","Desmodium lineatum"
"243","Leguminosae","Desmodium floridanum"
"244","Leguminosae","Desmodium marilandicum"
"245","Leguminosae","Desmodium strictum"
"246","Leguminosae","Orbexilum lupinellum"
"247","Leguminosae","Lespedeza procumbens"
"248","Leguminosae","Dalea carnea"
"249","Leguminosae","Desmodium viridiflorum"
"250","Leguminosae","Lespedeza virginica"
"251","Linaceae","Linum floridanum"
"252","Melastomataceae","Rhexia alifanus"
"253",NA,NA
"254","Onagraceae","Gaura filipes"
"255","Orchidaceae","Habenaria quinqueseta"
"256","Passifloraceae","Piriqueta cistoides"
"257","Passifloraceae","Passiflora edulis"
"258","Pinaceae","Pinus palustris"
"259","Plantaginaceae","Penstemon australis"
"260","Poaceae","Muhlenbergia capillaris"
"261","Poaceae","Panicum aciculare"
"262","Poaceae","Panicum ovale"
"263","Poaceae","Anthaenantia villosa"
"264","Poaceae","Sorghastrum nutans"
"265","Poaceae","Sporobolus compositus"
"266","Poaceae","Triplasis americana"
"267","Poaceae","Panicum dichotomum"
"268","Poaceae","Paspalum setaceum"
"269","Poaceae","Sporobolus junceus"
"270","Poaceae","Eragrostis spectabilis"
"271","Poaceae","Panicum strigosum"
"272","Poaceae","Eustachys floridana"
"273","Poaceae","Panicum acuminatum"
"274","Poaceae","Panicum sphaerocarpon"
"275","Poaceae","Paspalum bifidum"
"276","Poaceae","Paspalum floridanum"
"277","Poaceae","Elionurus tripsacoides"
"278","Poaceae","Gymnopogon ambiguus"
"279","Poaceae","Saccharum alopecuroides"
"280","Polemoniaceae","Phlox floridana"
"281","Polygalaceae","Polygala nana"
"282","Polygalaceae","Polygala grandiflora"
"283","Polygonaceae","Eriogonum tomentosum"
"284","Polygonaceae","Polygonella gracilis"
"285","Rosaceae","Prunus serotina"
"286","Rosaceae","Crataegus flava"
"287","Rosaceae","Prunus caroliniana"
"288","Rosaceae","Prunus umbellata"
"289","Rosaceae","Rubus flagellaris"
"290","Rosaceae","Prunus americana"
"291","Rosaceae","Prunus angustifolia"
"292","Rosaceae","Rubus trivialis"
"293","Rubiaceae","Houstonia procumbens"
"294","Rubiaceae","Galium pilosum"
"295","Rubiaceae","Houstonia pusilla"
"296","Rubiaceae","Diodella teres"
"297","Sapotaceae","Sideroxylon lanuginosum"
"298","Smilacaceae","Smilax auriculata"
"299","Smilacaceae","Smilax maritima"
"300","Smilacaceae","Smilax bona-nox"
"301","Smilacaceae","Smilax glauca"
"302","Smilacaceae","Smilax pumila"
"303","Solanaceae","Physalis heterophylla"
"304","Solanaceae","Physalis walteri"
"305","Tetrachondraceae","Polypremum procumbens"
"306","Verbenaceae","Verbena carnea"
"307","Violaceae","Viola villosa"
"308","Violaceae","Viola palmata"
"309","Vitaceae","Vitis rotundifolia"
"310","Vitaceae","Parthenocissus quinquefolia"
"311","Vitaceae","Vitis cinerea"
"312","Rosaceae","Agrimonia NA"
"313","Apocynaceae","Asclepias tuberosa"
"314","Boraginaceae","Onosmodium virginianum"
"315","Compositae","Eupatorium semiserratum"
"316","Compositae","Chrysopsis gossypina"
"317","Compositae","Liatris elegans"
"318","Euphorbiaceae","Tragia urticifolia"
"319","Euphorbiaceae","Euphorbia cordifolia"
"320","Euphorbiaceae","Croton glandulosus"
"321","Leguminosae","Zornia bracteata"
"322","Leguminosae","Desmodium rigidum"
"323","Leguminosae","Dalea pinnata"
"324","Leguminosae","Desmodium laevigatum"
"325","Orobanchaceae","Agalinis obtusifolia"
"326","Poaceae","Panicum portoricense"
"327","Poaceae","Tridens carolinianus"
"328","Poaceae","Panicum ensifolium"
"329","Polygalaceae","Polygala incarnata"
"330","Compositae","Antennaria marginata"
"331","Fagaceae","Quercus gambelii"
"332","Orchidaceae","Malaxis macrostachya"
"333","Brassicaceae","Thlaspi montanum"
"334","Compositae","Hymenopappus mexicanus"
"335","Leguminosae","Medicago lupulina"
"336","Saxifragaceae","Saxifraga rhomboidea"
"337","Brassicaceae","Draba asprella"
"338","Commelinaceae","Commelina dianthifolia"
"339","Compositae","Packera neomexicana"
"340","Leguminosae","Astragalus tephrodes"
"341","Plantaginaceae","Plantago patagonica"
"342","Polemoniaceae","Gilia aggregata"
"343","Orobanchaceae","Pedicularis centranthera"
"344","Euphorbiaceae","Euphorbia brachycera"
"345","Brassicaceae","Hesperidanthus linearifolius"
"346","Commelinaceae","Tradescantia pinetorum"
"347","Compositae","Erigeron speciosus"
"348","Poaceae","Piptochaetium pringlei"
"349","Amaranthaceae","Chenopodium vulvaria"
"350","Caryophyllaceae","Silene laciniata"
"351","Compositae","Erigeron formosissimus"
"352","Onagraceae","Gayophytum racemosum"
"353","Polygonaceae","Rumex acetosella"
"354","Poaceae","Panicum bulbosum"
"355","Onagraceae","Oenothera laciniata"
"356","Poaceae","Agrostis scabra"
"357","Poaceae","Aristida arizonica"
"358","Poaceae","Bromus tectorum"
"359","Boraginaceae","Phacelia heterophylla"
"360","Compositae","Erigeron tracyi"
"361","Portulacaceae","Portulaca oleracea"
"362","Altingiaceae","Liquidambar styraciflua"
"363","Aquifoliaceae","Ilex opaca"
"364","Aquifoliaceae","Ilex vomitoria"
"365","Aspleniaceae","Asplenium platyneuron"
"366","Bignoniaceae","Campsis radicans"
"367","Compositae","Vernonia gigantea"
"368","Compositae","Silphium asteriscus"
"369","Cornaceae","Cornus florida"
"370","Cyperaceae","Carex floridana"
"371","Fagaceae","Quercus phellos"
"372","Fagaceae","Quercus hemisphaerica"
"373","Fagaceae","Quercus stellata"
"374","Fagaceae","Quercus michauxii"
"375","Gentianaceae","Gentiana villosa"
"376","Juglandaceae","Carya alba"
"377","Juglandaceae","Carya cordiformis"
"378","Lamiaceae","Callicarpa americana"
"379","Leguminosae","Desmodium glabellum"
"380","Leguminosae","Erythrina herbacea"
"381","Magnoliaceae","Magnolia grandiflora"
"382","Orobanchaceae","Aureolaria flava"
"383","Pinaceae","Pinus taeda"
"384","Pinaceae","Pinus echinata"
"385","Poaceae","Chasmanthium laxum"
"386","Poaceae","Panicum commutatum"
"387","Poaceae","Saccharum brevibarbe"
"388","Polypodiaceae","Pleopeltis polypodioides"
"389","Rosaceae","Malus angustifolia"
"390","Rubiaceae","Mitchella repens"
"391","Smilacaceae","Smilax tamnoides"
"392","Vitaceae","Ampelopsis arborea"
"393","Annonaceae","Asimina parviflora"
"394","Cannabaceae","Celtis laevigata"
"395","Leguminosae","Desmodium paniculatum"
"396","Leguminosae","Desmodium perplexum"
"397","Leguminosae","Rhynchosia difformis"
"398","Leguminosae","Tephrosia spicata"
"399","Poaceae","Panicum ravenelii"
"400","Poaceae","Oplismenus hirtellus"
"401","Poaceae","Panicum anceps"
"402","Poaceae","Sporobolus clandestinus"
"403","Rubiaceae","Galium bermudense"
"404","Rubiaceae","Galium uniflorum"
"405","Solanaceae","Physalis arenicola"
"406","Apocynaceae","Asclepias variegata"
"407","Cyperaceae","Scleria oligantha"
"408","Ericaceae","Vaccinium elliottii"
"409","Poaceae","Sorghastrum elliottii"
"410","Apiaceae","Sanicula canadensis"
"411","Compositae","Helianthus hirsutus"
"412","Compositae","Solidago canadensis"
"413","Compositae","Smallanthus uvedalia"
"414","Compositae","Solidago nemoralis"
"415","Compositae","Conoclinium coelestinum"
"416","Compositae","Elephantopus carolinianus"
"417","Compositae","Lactuca graminifolia"
"418","Cyperaceae","Cyperus retrorsus"
"419","Cyperaceae","Scleria triglomerata"
"420","Euphorbiaceae","Euphorbia nutans"
"421","Euphorbiaceae","Ditrysinia fruticosa"
"422","Hypoxidaceae","Hypoxis sessilis"
"423","Leguminosae","Crotalaria spectabilis"
"424","Leguminosae","Desmodium fernaldii"
"425","Leguminosae","Lespedeza stuevei"
"426","Ophioglossaceae","Botrychium dissectum"
"427","Oxalidaceae","Oxalis dillenii"
"428","Poaceae","Andropogon glomeratus"
"429","Poaceae","Andropogon gyrans"
"430","Poaceae","Tridens flavus"
"431","Poaceae","Panicum laxiflorum"
"432","Poaceae","Digitaria villosa"
"433","Poaceae","Setaria corrugata"
"434","Poaceae","Setaria pumila"
"435","Rhamnaceae","Ceanothus americanus"
"436","Rosaceae","Rubus argutus"
"437","Verbenaceae","Verbena brasiliensis"
"438","Compositae","Solidago brachyphylla"
"439","Compositae","Symphyotrichum lateriflorum"
"440","Convolvulaceae","Jacquemontia tamnifolia"
"441","Lamiaceae","Trichostema dichotomum"
"442","Leguminosae","Chamaecrista fasciculata"
"443","Compositae","Xylorhiza tortifolia"
"444","Poaceae","Paspalum laeve"
"445","Polygalaceae","Polygala polygama"
"446","Apocynaceae","Gonolobus suberosus"
"447","Araliaceae","Aralia spinosa"
"448","Compositae","Bidens bipinnata"
"449","Compositae","Fleischmannia incarnata"
"450","Cucurbitaceae","Melothria pendula"
"451","Ericaceae","Monotropa uniflora"
"452","Leguminosae","Desmodium nuttallii"
"453","Leguminosae","Senna obtusifolia"
"454","Oleaceae","Fraxinus americana"
"455","Verbenaceae","Glandularia canadensis"
"456","Violaceae","Viola sororia"
"457","Cyperaceae","Cyperus NA"
"458","Leguminosae","Lespedeza hirta"
"459","Bignoniaceae","Bignonia capreolata"
"460","Dioscoreaceae","Dioscorea villosa"
"461","Fagaceae","Quercus alba"
"462","Moraceae","Morus rubra"
"463","Convolvulaceae","Cuscuta indecora"
"464","Poaceae","Paspalum plicatulum"
"465","Poaceae","Panicum oligosanthes"
"466","Cyperaceae","Rhynchospora globularis"
"467","Malvaceae","Hibiscus aculeatus"
"468","Orobanchaceae","Buchnera americana"
"469","Fagaceae","Quercus marilandica"
"470","Adoxaceae","Viburnum nudum"
"471","Asparagaceae","Manfreda virginica"
"472","Euphorbiaceae","Euphorbia maculata"
"473","Orobanchaceae","Agalinis fasciculata"
"474","Poaceae","Heteropogon melanocarpus"
"475","Cistaceae","Lechea pulchella"
"476","Poaceae","Paspalum notatum"
"477","Compositae","Verbesina virginica"
"478","Bixaceae","Cochlospermum planchonii"
"479","Poaceae","Andropogon chinensis"
"480","Poaceae","Andropogon pseudapricus"
"481","Poaceae","Loudetia togoensis"
"482","Poaceae","Schizachyrium exile"
"483","Poaceae","Andropogon gayanus"
"484","Poaceae","Ophiuros exaltatus"
"485","Poaceae","Tripogon minimus"
"486","Poaceae","Brachiaria villosa"
"487","Poaceae","Cymbopogon schoenanthus"
"488","Poaceae","Hackelochloa granularis"
"489","Poaceae","Microchloa indica"
"490","Poaceae","Diheteropogon hagerupii"
"491","Malvaceae","Sida spinosa"
"492","Poaceae","Euclasta condylotricha"
"493","Poaceae","Pennisetum pedicellatum"
"494","Rubiaceae","Oldenlandia corymbosa"
"495","Acanthaceae","Lepidagathis anobrya"
"496","Cucurbitaceae","Cucumis metuliferus"
"497","Plantaginaceae","Scoparia dulcis"
"498","Poaceae","Andropogon fastigiatus"
"499","Acanthaceae","Monechma ciliatum"
"500","Commelinaceae","Cyanotis lanata"
"501","Crassulaceae","Kalanchoe crenata"
"502","Hypoxidaceae","Curculigo pilosa"
"503","Polygalaceae","Polygala arenaria"
"504","Rubiaceae","Spermacoce stachydea"
"505","Leguminosae","Crotalaria naragutensis"
"506","Poaceae","Brachiaria deflexa"
"507","Poaceae","Digitaria horizontalis"
"508","Poaceae","Schizachyrium platyphyllum"
"509","Poaceae","Brachiaria lata"
"510","Vitaceae","Ampelocissus africana"
"511","Amaranthaceae","Pandiaka angustifolia"
"512","Amaranthaceae","Achyranthes aspera"
"513","Asparagaceae","Chlorophytum stenopetalum"
"514","Leguminosae","Indigofera colutea"
"515","Malvaceae","Wissadula amplissima"
"516","Oxalidaceae","Biophytum umbraculum"
"517","Poaceae","Panicum phragmitoides"
"518","Poaceae","Pennisetum polystachyon"
"519","Poaceae","Setaria parviflora"
"520","Rubiaceae","Spermacoce radiata"
"521","Zingiberaceae","Siphonochilus aethiopicus"
"522","Araceae","Stylochaeton hypogaeus"
"523","Lamiaceae","Hoslundia opposita"
"524","Poaceae","Sporobolus festivus"
"525","Leguminosae","Rhynchosia minima"
"526","Lamiaceae","Hyptis spicigera"
"527","Euphorbiaceae","Euphorbia hirta"
"528","Vitaceae","Cissus populnea"
"529","Compositae","Aspilia bussei"
"530","Dioscoreaceae","Dioscorea dumetorum"
"531","Leguminosae","Chamaecrista nigricans"
"532","Acanthaceae","Blepharis maderaspatensis"
"533","Commelinaceae","Commelina NA"
"534","Leguminosae","Tephrosia pedicellata"
"535","Poaceae","Elionurus elegans"
"536","Poaceae","Schizachyrium sanguineum"
"537","Fabaceae","Indigofera NA"
"538","Compositae","Aspilia rudis"
"539","Fabaceae","Crotalaria NA"
"540","Poaceae","Hyparrhenia diplandra"
"541","Leguminosae","Chamaecrista mimosoides"
"542","Leguminosae","Zornia glochidiata"
"543","Poaceae","Sporobolus pectinellus"
"544","Poaceae","Schizachyrium ruderale"
"545","Acanthaceae","Peristrophe bicalyculata"
"546","Poaceae","Diheteropogon amplectens"
"547","Compositae","Pentanema indicum"
"548","Amaryllidaceae","Crinum ornatum"
"549","Poaceae","Sorghastrum incompletum"
"550","Amaryllidaceae","Crinum moorei"
"551","Verbenaceae","Lantana ukambensis"
"552","Malvaceae","Hibiscus asper"
"553","Rubiaceae","Spermacoce ruelliae"
"554","Cyperaceae","Scleria racemosa"
"555","Poaceae","Panicum laetum"
"556","Poaceae","Hyparrhenia cyanescens"
"557","Leguminosae","Vigna heterophylla"
"558","Asparagaceae","Chlorophytum senegalense"
"559","Phyllanthaceae","Phyllanthus amarus"
"560","Poaceae","Hyparrhenia subplumosa"
"561","Bixaceae","Cochlospermum tinctorium"
"562","Rubiaceae","Kohautia tenuis"
"563","Euphorbiaceae","Euphorbia hyssopifolia"
"564","Poaceae","Chasmopodium caudatum"
"565","Dioscoreaceae","Tacca leontopetaloides"
"566","Lamiaceae","Plectranthus gracillimus"
"567","Poaceae","Elionurus ciliaris"
"568","Leguminosae","Tephrosia bracteolata"
"569","Malvaceae","Triumfetta rhomboidea"
"570","Poaceae","Setaria barbata"
"571","Poaceae","Urelytrum muricatum"
"572","Polygalaceae","Polygala multiflora"
"573","Leguminosae","Indigofera leprieurii"
"574","Commelinaceae","Murdannia nudiflora"
"575","Poaceae","Sporobolus microprotus"
"576","Commelinaceae","Commelina forskaolii"
"577","Fabaceae","Desmodium NA"
"578","Malvaceae","Sida urens"
"579","Acanthaceae","Crabbea hirsuta"
"580","Acanthaceae","Thunbergia atriplicifolia"
"581","Araceae","Stylochiton natalensis"
"582","Asparagaceae","Eriospermum abyssinicum"
"583","Commelinaceae","Commelina africana"
"584","Commelinaceae","Cyanotis speciosa"
"585","Compositae","Tagetes minuta"
"586","Compositae","Erigeron floribundus"
"587","Compositae","Senecio bupleuroides"
"588","Compositae","Senecio coronatus"
"589","Compositae","Erigeron primulifolium"
"590","Compositae","Helichrysum miconiifolium"
"591","Compositae","Gerbera ambigua"
"592","Cyperaceae","Schoenoxiphium sparteum"
"593","Euphorbiaceae","Tragia meyeriana"
"594","Euphorbiaceae","Acalypha punctata"
"595","Geraniaceae","Pelargonium alchemilloides"
"596","Iridaceae","Aristea abyssinica"
"597","Lamiaceae","Leonotis ocymifolia"
"598","Lamiaceae","Ocimum obovatum"
"599","Leguminosae","Indigofera hilaris"
"600","Leguminosae","Chamaecrista plumosa"
"601","Leguminosae","Tephrosia elongata"
"602","Leguminosae","Tephrosia multijuga"
"603","Leguminosae","Zornia capensis"
"604","Malvaceae","Hibiscus pusillus"
"605","Poaceae","Cymbopogon nardus"
"606","Poaceae","Eragrostis curvula"
"607","Poaceae","Eragrostis capensis"
"608","Pteridaceae","Cheilanthes viridis"
"609","Rubiaceae","Spermacoce natalensis"
"610","Rubiaceae","Pentanisia angustifolia"
"611","Asparagaceae","Albuca NA"
"612","Gentianaceae","Sebaea secloides"
"613","Acanthaceae","Ruellia baurii"
"614","Acanthaceae","Chaetacanthus burchellii"
"615","Apiaceae","Peucedanum natalense"
"616","Compositae","Berkheya setifera"
"617","Compositae","Senecio rhomboideus"
"618","Cyperaceae","Fimbristylis ovata"
"619","Hypoxidaceae","Hypoxis argentea"
"620","Hypoxidaceae","Hypoxis rigidula"
"621","Hypoxidaceae","Hypoxis hemerocallidea"
"622","Leguminosae","Rhynchosia totta"
"623","Orchidaceae","Eulophia ensata"
"624","Orobanchaceae","Buchnera simplex"
"625","Poaceae","Tristachya leucothrix"
"626","Poaceae","Heteropogon contortus"
"627","Poaceae","Cymbopogon caesius"
"628","Poaceae","Panicum maximum"
"629","Poaceae","Aristida junciformis"
"630","Polygalaceae","Polygala hottentotta"
"631","Rubiaceae","Agathisanthemum chlorophyllum"
"632","Rubiaceae","Kohautia amatymbica"
"633","Santalaceae","Thesium natalense"
"634","Boraginaceae","Cynoglossum hispidum"
"635","Caprifoliaceae","Cephalaria pungens"
"636","Compositae","Berkheya umbellata"
"637","Compositae","Hilliardiella aristata"
"638","Compositae","Senecio retrorsus"
"639","Leguminosae","Rhynchosia cooperi"
"640","Orobanchaceae","Graderia scabra"
"641","Poaceae","Elionurus muticus"
"642","Poaceae","Setaria nigrirostris"
"643","Poaceae","Setaria sphacelata"
"644","Polygalaceae","Polygala amatymbica"
"645","Compositae","Helichrysum nudifolium"
"646","Cyperaceae","Cyperus mutisii"
"647","Hypoxidaceae","Hypoxis colchicifolia"
"648","Lamiaceae","Teucrium kraussii"
"649","Malvaceae","Corchorus asplenifolius"
"650","Poaceae","Eragrostis racemosa"
"651","Poaceae","Melinis nerviglumis"
"652","Poaceae","Brachiaria serrata"
"653","Asparagaceae","Ledebouria ovatifolia"
"654","Compositae","Aster bakerianus"
"655","Leguminosae","Aeschynomene brevifolia"
"656","Leguminosae","Eriosema cordatum"
"657","Poaceae","Themeda triandra"
"658","Poaceae","Microchloa caffra"
"659","Poaceae","Eustachys paspaloides"
"660","Poaceae","Hyparrhenia hirta"
"661","Thymelaeaceae","Gnidia caffra"
"662","Xanthorrhoeaceae","Aloe maculata"
"663","Cyperaceae","Bulbostylis NA"
"664","Fabaceae","Tephrosia NA"
"665","Poaceae","Panicum aequinerve"
"666","Crassulaceae","Kalanchoe rotundifolia"
"667","Leguminosae","Acacia nilotica"
"668","Leguminosae","Lotononis calycina"
"669","Oxalidaceae","Oxalis corniculata"
"670","Passifloraceae","Passiflora suberosa"
"671","Phyllanthaceae","Phyllanthus glaucophyllus"
"672","Verbenaceae","Lantana rugosa"
"673","Rubiaceae ","Canthium NA"
"674","Dicranaceae","Dicranum undulatum"
"675","Ericaceae","Vaccinium vitis-idaea"
"676","Ericaceae","Vaccinium myrtillus"
"677","Hylocomiaceae","Pleurozium schreberi"
"678","Lycopodiaceae","Lycopodium complanatum"
"679","Pinaceae","Pinus sibirica"
"680","Polytrichaceae","Polytrichum juniperinum"
"681","Parmeliaceae","Cetraria islandica"
"682","Cladoniaceae","Cladonia NA"
"683","Ericaceae","Ledum palustre"
"684","Pinaceae","Pinus sylvestris"
"685","Poaceae","Calamagrostis obtusata"
"686","Asparagaceae","Maianthemum bifolium"
"687","Betulaceae","Betula pubescens"
"688","Compositae","Solidago virgaurea"
"689","Equisetaceae","Equisetum sylvaticum"
"690","Onagraceae","Epilobium angustifolium"
"691","Pinaceae","Abies sibirica"
"692","Polytrichaceae","Polytrichastrum formosum"
"693","Rosaceae","Rosa acicularis"
"694","Rosaceae","Sorbus aucuparia"
"695","Salicaceae","Populus tremula"
"696","Cyperaceae","Carex NA"
"697","Peltigeraceae","Peltigera aphthosa"
"698","Ericaceae","Vaccinium uliginosum"
"699","Ericaceae","Empetrum nigrum"
"700","Cyperaceae","Carex pediformis"
"701","Ericaceae","Arctous alpina"
"702","Polytrichaceae","Polytrichum piliferum"
"703","Polygonaceae","Polygonum NA"
"704","Betulaceae","Ostrya virginiana"
"705","Boraginaceae","Hackelia virginiana"
"706","Brassicaceae","Cardamine concatenata"
"707","Compositae","Ageratina altissima"
"708","Cyperaceae","Carex pensylvanica"
"709","Liliaceae","Erythronium albidum"
"710","Papaveraceae","Sanguinaria canadensis"
"711","Ulmaceae","Ulmus americana"
"712","Amaryllidaceae","Allium canadense"
"713","Asparagaceae","Maianthemum racemosum"
"714","Balsaminaceae","Impatiens pallida"
"715","Compositae","Symphyotrichum shortii"
"716","Onagraceae","Circaea lutetiana"
"717","Oxalidaceae","Oxalis stricta"
"718","Rosaceae","Agrimonia gryposepala"
"719","Rosaceae","Geum canadense"
"720","Rosaceae","Rubus occidentalis"
"721","Araceae","Arisaema triphyllum"
"722","Vitaceae","Vitis vulpina"
"723","Ulmaceae","Ulmus rubra"
"724","Boraginaceae","Hydrophyllum virginianum"
"725","Compositae","Symphyotrichum drummondii"
"726","Cyperaceae","Carex rosea"
"727","Cyperaceae","Carex blanda"
"728","Geraniaceae","Geranium maculatum"
"729","Polemoniaceae","Polemonium reptans"
"730","Rosaceae","Rubus allegheniensis"
"731","Malvaceae","Tilia americana"
"732","Melanthiaceae","Trillium recurvatum"
"733","Campanulaceae","Campanula americana"
"734","Polygonaceae","Polygonum virginianum"
"735","Menispermaceae","Menispermum canadense"
"736","Limnanthaceae","Floerkea proserpinacoides"
"737","Caryophyllaceae","Moehringia lateriflora"
"738","Compositae","Solidago ulmifolia"
"739","Polypodiaceae","Polypodium virginianum"
"740","Rosaceae","Potentilla simplex"
"741","Sapindaceae","Acer saccharum"
"742","Berberidaceae","Podophyllum peltatum"
"743","Celastraceae","Celastrus scandens"
"744","Primulaceae","Dodecatheon meadia"
"745","Araceae","Arisaema dracontium"
"746","Rubiaceae","Galium triflorum"
"747","Ranunculaceae","Ranunculus abortivus"
"748","Compositae","Euthamia graminifolia"
"749","Rubiaceae","Galium asprellum"
"750","Poaceae","Hystrix patula"
"751","Rosaceae","Potentilla norvegica"
"752","Compositae","Solidago flexicaulis"
"753","Colchicaceae","Uvularia sessilifolia"
"754","Colchicaceae","Uvularia grandiflora"
"755","Balsaminaceae","Impatiens capensis"
"756","Ranunculaceae","Anemonella thalictroides"
"757","Caprifoliaceae","Lonicera prolifera"
"758","Montiaceae","Claytonia virginica"
"759","Oleaceae","Fraxinus pennsylvanica"
"760","Cystopteridaceae","Cystopteris bulbifera"
"761","Anacardiaceae","Rhus aromatica"
"762","Compositae","Antennaria parlinii"
"763","Juglandaceae","Carya texana"
"764","Lamiaceae","Monarda russeliana"
"765","Poaceae","Panicum linearifolium"
"766","Ulmaceae","Ulmus alata"
"767","Amaryllidaceae","Allium NA"
"768","Poaceae","Avena NA"
"769","Poaceae","Dichanthelium NA"
"770","Apiaceae","Ptilimnium nuttallii"
"771","Caprifoliaceae","Symphoricarpos orbiculatus"
"772","Compositae","Ambrosia psilostachya"
"773","Compositae","Symphyotrichum oolentangiense"
"774","Lamiaceae","Scutellaria parvula"
"775","Leguminosae","Lespedeza violacea"
"776","Poaceae","Andropogon gerardii"
"777","Asteraceae","Vernonia NA"
"778","Compositae","Symphyotrichum patens"
"779","Compositae","Erigeron tenuis"
"780","Oxalidaceae","Oxalis violacea"
"781","Poaceae","Coelorachis cylindrica"
"782","Rosaceae","Rosa NA"
"783","Commelinaceae","Tradescantia NA"
"784","Compositae","Chaetopappa asteroides"
"785","Asteraceae","Asteraceae NA"
"786","Fagaceae","Quercus velutina"
"787","Leguminosae","Amphicarpaea bracteata"
"788","Anacardiaceae","Rhus glabra"
"789","Cannabaceae","Celtis occidentalis"
"790","Poaceae","Danthonia spicata"
"791","Fabaceae","Fabaceae NA"
"792","Rosaceae","Prunus mexicana"
"793","Asteraceae","Coreopsis NA"
"794","Cistaceae","Lechea tenuifolia"
"795","Rubiaceae","Galium circaezans"
"796","Rosaceae","Rubus NA"
"797","Caryophyllaceae","Paronychia fastigiata"
"798","Compositae","Erechtites hieraciifolia"
"799","Poaceae","Bromus NA"
"800","Poaceae","Muhlenbergia NA"
"801","Poaceae","Chasmanthium latifolium"
"802","Smilacaceae","Smilax NA"
"803","Leguminosae","Securigera varia"
"804","Poaceae","Elymus canadensis"
"805","Solanaceae","Solanum carolinense"
"806","Poaceae","Sporobolus NA"
"807","Compositae","Packera obovata"
"808","Compositae","Cirsium altissimum"
"809","Acanthaceae","Ruellia humilis"
"810","Menispermaceae","Cocculus carolinus"
"811","Violaceae","Viola NA"
"812","Leguminosae","Baptisia bracteata"
"813","Poaceae","Elymus virginicus"
"814","Fagaceae","Quercus rubra"
"815","Leguminosae","Gleditsia triacanthos"
"816","Verbenaceae","Verbena NA"
"817","Leguminosae","Lespedeza juncea"
"818","Poaceae","Paniceae NA"
"819","Poaceae","Andropogon NA"
"820","Compositae","Gnaphalium purpureum"
"821","Woodsiaceae","Woodsia obtusa"
"822","Poaceae","Eragrostis NA"
"823","Linaceae","Linum medium"
"824","Gentianaceae","Sabatia angularis"
"825","Adoxaceae","Viburnum rufidulum"
"826","Brassicaceae","Boechera canadensis"
"827","Compositae","Ambrosia trifida"
"828","Phytolaccaceae","Phytolacca americana"
"829","Solanaceae","Solanum ptychanthum"
"830","Aquifoliaceae","Ilex decidua"
"831","Apocynaceae","Matelea NA"
"832","Poaceae","Bouteloua curtipendula"
"833","Lamiaceae","Teucrium canadense"
"834","Poaceae","Sphenopholis obtusata"
"835","Rubiaceae","Cephalanthus occidentalis"
"836","Sapindaceae","Acer saccharinum"
"837","Rosaceae","Crataegus viridis"
"838","Leguminosae","Cercis canadensis"
"839","Compositae","Symphyotrichum laeve"
"840","Hypericaceae","Hypericum punctatum"
"841","Compositae","Echinacea pallida"
"842","Rosaceae","Crataegus crus-galli"
"843","Plantaginaceae","Penstemon NA"
"844","Platanaceae","Platanus occidentalis"
"845","Campanulaceae","Triodanis perfoliata"
"846","Passifloraceae","Passiflora lutea"
"847","Poaceae","Agrostis NA"
"848","Polygonaceae","Polygonum tenue"
"849","Montiaceae","Phemeranthus NA"
"850","Poaceae","Panicum clandestinum"
"851","Leguminosae","Gymnocladus dioica"
"852","Fagaceae","Quercus muehlenbergii"
"853","Acanthaceae","Asystasia mysorensis"
"854","Acanthaceae","Justicia protracta"
"855","Aizoaceae","Trianthema salsoloides"
"856","Boraginaceae","Heliotropium steudneri"
"857","Cleomaceae","Cleome monophylla"
"858","Compositae","Vernonia fastigiata"
"859","Convolvulaceae","Ipomoea biflora"
"860","Convolvulaceae","Merremia palmata"
"861","Convolvulaceae","Evolvulus alsinoides"
"862","Convolvulaceae","Seddera suffruticosa"
"863","Cucurbitaceae","Cucumis zeyheri"
"864","Cucurbitaceae","Cucumis hirsutus"
"865","Euphorbiaceae","Chamaesyce inequilatera"
"866","Euphorbiaceae","Acalypha brachiata"
"867","Lamiaceae","Leucas glabrata"
"868","Leguminosae","Crotalaria sphaerocarpa"
"869","Leguminosae","Crotalaria virgulata"
"870","Leguminosae","Tephrosia semiglabra"
"871","Leguminosae","Indigofera vicioides"
"872","Leguminosae","Indigastrum parviflorum"
"873","Leguminosae","Tephrosia purpurea"
"874","Leguminosae","Crotalaria podocarpa"
"875","Leguminosae","Indigofera rhytidocarpa"
"876","Limeaceae","Limeum pterocarpum"
"877","Malvaceae","Hibiscus micranthus"
"878","Malvaceae","Pavonia burchellii"
"879","Malvaceae","Sida cordifolia"
"880","Malvaceae","Sida dregei"
"881","Nyctaginaceae","Boerhavia pilosa"
"882","Phyllanthaceae","Phyllanthus parvulus"
"883","Phyllanthaceae","Phyllanthus nummulariifolius"
"884","Phyllanthaceae","Phyllanthus maderaspatensis"
"885","Poaceae","Bothriochloa radicans"
"886","Poaceae","Urochloa mosambicensis"
"887","Poaceae","Eragrostis nindensis"
"888","Poaceae","Panicum coloratum"
"889","Poaceae","Aristida adscensionis"
"890","Poaceae","Enneapogon cenchroides"
"891","Poaceae","Tragus berteronianus"
"892","Poaceae","Chloris virgata"
"893","Poaceae","Aristida congesta"
"894","Poaceae","Schmidtia pappophoroides"
"895","Poaceae","Panicum deustum"
"896","Poaceae","Cenchrus ciliaris"
"897","Solanaceae","Solanum panduriforme"
"898","Talinaceae","Talinum caffrum"
"899","Violaceae","Hybanthus enneaspermus"
"900","Zygophyllaceae","Tribulus terrestris"
"901","","Crassenea romania"
"902","Convolvulaceae","Evolvulus NA"
"903","Gisekiaceae","Gisekia NA"
"904","Hyacinthaceae","Ledebouria NA"
"905","Saxifragaceae","Saxifraga NA"
"906","Amaranthaceae","Achyropsis leptostachya"
"907","Asparagaceae","Ledebouria revoluta"
"908","Boraginaceae","Ehretia rigida"
"909","Compositae","Dicoma tomentosa"
"910","Convolvulaceae","Ipomoea crassipes"
"911","Leguminosae","Acacia nigrescens"
"912","Pedaliaceae","Ceratotheca triloba"
"913","Poaceae","Urochloa panicoides"
"914","Poaceae","Setaria incrassata"
"915","Verbenaceae","Priva africana"
"916","Convolvulaceae","Ipomoea NA"
"917","Acanthaceae","Blepharis integrifolia"
"918","Apocynaceae","Pergularia daemia"
"919","Euphorbiaceae","Tragia rupestris"
"920","Lamiaceae","Ocimum americanum"
"921","Leguminosae","Alysicarpus rugosus"
"922","Leguminosae","Dolichos trilobus"
"923","Linaceae","Linum thunbergii"
"924","Poaceae","Eragrostis superba"
"925","Polygalaceae","Polygala sphenoptera"
"926","Amaryllidaceae","Ammocharis NA"
"927","Amaryllidaceae","Crinum NA"
"928","Fabaceae ","Eriosema NA"
"929","Lamiaceae","Leonotis NA"
"930","Commelinaceae","Commelina benghalensis"
"931","Phyllanthaceae","Flueggea verrucosa"
"932","Poaceae","Digitaria eriantha"
"933","Malvaceae ","Hermannia NA"
"934","","Triceiia NA"
"935","Cleomaceae","Cleome angustifolia"
"936","Euphorbiaceae","Jatropha NA"
"937","Amaranthaceae","Sericorema NA"
"938","Amaranthaceae","Kyphocarpa angustifolia"
"939","Gentianaceae","Enicostema axillare"
"940","Nyctaginaceae","Commicarpus pentandrus"
"941","Acanthaceae","Barleria NA"
"942","Boraginaceae","Heliotropium strigosum"
"943","Leguminosae","Senna italica"
"944","Malvaceae","Abutilon austroafricanum"
"945","Lauraceae","Cassia NA"
"946","Asteraceae","Helichrysum NA"
"947","Malvaceae ","Hibiscus NA"
"948","Fabaceae","Rhynchosia NA"
"949","Acanthaceae","Justicia flava"
"950","Anacardiaceae","Sclerocarya birrea"
"951","Combretaceae","Combretum hereroense"
"952","Phyllanthaceae","Flueggea virosa"
"953","Amaranthaceae","Amaranthus NA"
"954","Acanthaceae","Barleria transvaalensis"
"955","Acanthaceae","Monechma debile"
"956","Leguminosae","Acacia borleae"
"957","Acanthaceae","Blepharis NA"
"958","Fabaceae","Vigna NA"
"959","Leguminosae","Prosopis caldenia"
"960","Rhamnaceae","Condalia microphylla"
"961","Verbenaceae","Acantholippia seriphioides"
"962","Leguminosae","Prosopidastrum globosum"
"963","Leguminosae","Prosopis flexuosa"
"964","Polygalaceae","Bredemeyera microphylla"
"965","Anacardiaceae","Schinus fasciculata"
"966","Compositae","Baccharis ulicina"
"967","Compositae","Chuquiraga erinacea"
"968","Ephedraceae","Ephedra triandra"
"969","Solanaceae","Lycium chilense"
"970","Leguminosae","Geoffroea decorticans"
"971","Zygophyllaceae","Larrea divaricata"
"972","Compositae","Baccharis gilliesii"
"973","Poaceae","Poa ligularis"
"974","Poaceae","Stipa speciosa"
"975","Poaceae","Piptochaetium napostaense"
"976","Poaceae","Poa lanuginosa"
"977","Poaceae","Nassella clarazii"
"978","Passifloraceae","Turnera sidoides"
"979","Poaceae","Nassella tenuissima"
"980","Solanaceae","Nierembergia aristata"
"981","Compositae","Baccharis megapotamica"
"982","Poaceae","Stipa ichu"
"983","Poaceae","Nassella tenuis"
"984","Malvaceae","Sphaeralcea australis"
"985","Poaceae","Melica bonariensis"
"986","Leguminosae","Hoffmannseggia trifoliata"
"987","Poaceae","Stipa brachychaeta"
"988","Compositae","Baccharis crispa"
"989","Ephedraceae","Ephedra ochreata"
"990","Compositae","Erigeron bonariensis"
"991","Poaceae","Stipa papposa"
"992","Leguminosae","Senna aphylla"
"993","Rosaceae","Margyricarpus pinnatus"
"994","Brassicaceae","Lepidium densiflorum"
"995","Compositae","Vernonia baldwinii"
"996","Compositae","Symphyotrichum ericoides"
"997","Compositae","Solidago missouriensis"
"998","Cyperaceae","Carex meadii"
"999","Cyperaceae","Carex inops"
"1000","Cyperaceae","Carex brevior"
"1001","Euphorbiaceae","Euphorbia serpens"
"1002","Euphorbiaceae","Euphorbia spathulata"
"1003","Leguminosae","Amorpha canescens"
"1004","Leguminosae","Lespedeza capitata"
"1005","Linaceae","Linum sulcatum"
"1006","Solanaceae","Physalis pumila"
"1007","Verbenaceae","Verbena stricta"
"1008","Apocynaceae","Asclepias stenophylla"
"1009","Apocynaceae","Asclepias viridis"
"1010","Plantaginaceae","Plantago rhodosperma"
"1011","Poaceae","Sporobolus heterolepis"
"1012","Poaceae","Bromus japonicus"
"1013","Poaceae","Schedonnardus paniculatus"
"1014","Compositae","Ratibida columnifera"
"1015","Cyperaceae","Carex gravida"
"1016","Poaceae","Koeleria pyramidata"
"1017","Polygalaceae","Polygala verticillata"
"1018","Apocynaceae","Asclepias syriaca"
"1019","Apocynaceae","Asclepias viridiflora"
"1020","Lamiaceae","Salvia azurea"
"1021","Malvaceae","Callirhoe involucrata"
"1022","Boraginaceae","Lithospermum incisum"
"1023","Compositae","Solidago rigida"
"1024","Leguminosae","Dalea purpurea"
"1025","Leguminosae","Dalea candida"
"1026","Juncaceae","Juncus NA"
"1027","Euphorbiaceae","Euphorbia marginata"
"1028","Onagraceae","Oenothera speciosa"
"1029","Euphorbiaceae","Acalypha virginica"
"1030","Rosaceae","Rosa arkansana"
"1031","Compositae","Antennaria neglecta"
"1032","Compositae","Hymenopappus scabiosaeus"
"1033","Compositae","Symphyotrichum oblongifolium"
"1034","Rubiaceae","Stenaria nigricans"
"1035","Poaceae","Vulpia octoflora"
"1036","Euphorbiaceae","Croton monanthogynus"
"1037","Leguminosae","Psoralea esculenta"
"1038","Lamiaceae","Monarda fistulosa"
"1039","Leguminosae","Astragalus crassicarpus"
"1040","Campanulaceae","Triodanis leptocarpa"
"1041","Apiaceae","Spermolepis inermis"
"1042","Caryophyllaceae","Silene antirrhina"
"1043","Lamiaceae","Hedeoma hispida"
"1044","Primulaceae","Androsace occidentalis"
"1045","Poaceae","Elymus smithii"
"1046","Poaceae","Hordeum pusillum"
"1047","Poaceae","Sporobolus cryptandrus"
"1048","Orobanchaceae","Agalinis aspera"
"1049","Violaceae","Viola pratincola"
"1050","Cyperaceae","Cyperus lupulinus"
"1051","Leguminosae","Kummerowia stipulacea"
"1052","Amaranthaceae","Chenopodium album"
"1053","Apocynaceae","Asclepias sullivantii"
"1054","Leguminosae","Psoralea tenuiflora"
"1055","Cyperaceae","Eleocharis NA"
"1056","Compositae","Cirsium undulatum"
"1057","Poaceae","Agrostis hyemalis"
"1058","Poaceae","Muhlenbergia cuspidata"
"1059","Iridaceae","Sisyrinchium campestre"
"1060","Euphorbiaceae","Tragia betonicifolia"
"1061","Leguminosae","Baptisia australis"
"1062","Nyctaginaceae","Mirabilis linearis"
"1063","Ranunculaceae","Delphinium carolinianum"
"1064","Compositae","Senecio plattensis "
"1065","Compositae","Solidago mollis"
"1066","Compositae","Liatris punctata"
"1067","Polygonaceae","Persicaria pensylvanica"
"1068","Malvaceae","Malva neglecta"
"1069","Solanaceae","Solanum rostratum"
"1070","Cornaceae","Cornus drummondii"
"1071","Asteraceae","Cirsium NA"
"1072","Poaceae","Bromus inermis"
"1073","Rhamnaceae","Ceanothus herbaceus"
"1074","Santalaceae","Comandra umbellata"
"1075","Leguminosae","Chamaecrista chamaecristoides"
"1076","Compositae","Echinacea angustifolia"
"1077","Urticaceae","Parietaria pensylvanica"
"1078","Violaceae","Viola pedatifida"
"1079","Poaceae","Panicum boscii"
"1080","Rosaceae","Rosa carolina"
"1081","Rosaceae","Rubus pensilvanicus"
"1082","Lamiaceae","Monarda bradburiana"
"1083","Leguminosae","Amphicarpa bracteata"
"1084","Euphorbiaceae","Euphorbia corollata"
"1085","Compositae","Symphyotrichum anomalum"
"1086","Cyperaceae","Carex albicans"
"1087","Compositae","Solidago buckleyi"
"1088","Compositae","Verbesina helianthoides"
"1089","Poaceae","Muhlenbergia sobolifera"
"1090","Poaceae","Panicum depauperatum"
"1091","Lamiaceae","Pycnanthemum tenuifolium"
"1092","Cyperaceae","Carex nigromarginata"
"1093","Poaceae","Panicum unid."
"1094","Polemoniaceae","Phlox pilosa"
"1095","Compositae","Coreopsis palmata"
"1096","Leguminosae","Orbexilum pedunculatum"
"1097","Cyperaceae","Carex muehlenbergii"
"1098","Compositae","Parthenium integrifolium"
"1099","Cyperaceae","Carex hirsutella"
"1100","Leguminosae","Strophostyles leiosperma"
"1101","Vitaceae","Vitis aestivalis"
"1102","Fagaceae","Quercus coccinea"
"1103","Apocynaceae","Apocynum cannabinum"
"1104","Dioscoreaceae","Dioscorea quaternata"
"1105","Leguminosae","Crotalaria sagittalis"
"1106","Compositae","Symphyotrichum turbinellum"
"1107","Leguminosae","Desmodium dillenii"
"1108","Caryophyllaceae","Minuartia patula"
"1109","Acanthaceae","Ruellia pedunculata"
"1110","Campanulaceae","Lobelia spicata"
"1111","Compositae","Lactuca floridana"
"1112","Rosaceae","Porteranthus stipulatus"
"1113","Rubiaceae","Galium concinnum"
"1114","Compositae","Liatris squarrosa"
"1115","Cyperaceae","Eleocharis lanceolata"
"1116","Fagaceae","Quercus texana"
"1117","Violaceae","Viola sagittata"
"1118","Cyperaceae","Cyperus echinatus"
"1119","Leguminosae","Trifolium repens"
"1120","Ophioglossaceae","Botrychium virginianum"
"1121","Rhamnaceae","Rhamnus caroliniana"
"1122","Ericaceae","Gaultheria procumbens"
"1123","Ericaceae","Gaylussacia baccata"
"1124","Ericaceae","Kalmia latifolia"
"1125","Poaceae","Microstegium vimineum"
"1126","Ericaceae","Vaccinium angustifolium"
"1127","Fagaceae","Quercus ilicifolia"
"1128","Myricaceae","Comptonia peregrina"
"1129","Ericaceae","Kalmia angustifolia"
"1130","Cyrillaceae","Cyrilla racemiflora"
"1131","Myricaceae","Myrica pensylvanica"
"1132","Anarthriaceae","Anarthria scabra"
"1133","Apiaceae","Xanthosia atkinsoniana"
"1134","Apiaceae","Xanthosia huegelii"
"1135","Araliaceae","Platysace filiformis"
"1136","Asparagaceae","Lomandra integra"
"1137","Asparagaceae","Lomandra sonderi"
"1138","Asparagaceae","Thysanotus multiflorus"
"1139","Asparagaceae","Lomandra caespitosa"
"1140","Asparagaceae","Lomandra hermaphrodita"
"1141","Casuarinaceae","Allocasuarina fraseriana"
"1142","Compositae","Platysace tenuissima"
"1143","Cyperaceae","Lepidosperma leptostachyum"
"1144","Cyperaceae","Lepidosperma squamatum"
"1145","Dilleniaceae","Hibbertia commutata"
"1146","Dilleniaceae","Hibbertia amplexicaulis"
"1147","Elaeocarpaceae","Tetratheca setigera"
"1148","Elaeocarpaceae","Tetratheca hirsuta"
"1149","Ericaceae","Leucopogon propinquus"
"1150","Euphorbiaceae","Amperea ericoides"
"1151","Goodeniaceae","Dampiera linearis"
"1152","Goodeniaceae","Scaevola calliptera"
"1153","Goodeniaceae","Goodenia eatoniana"
"1154","Iridaceae","Patersonia umbrosa"
"1155","Lamiaceae","Hemigenia incana"
"1156","Lamiaceae","Hemigenia rigida"
"1157","Leguminosae","Acacia browniana"
"1158","Leguminosae","Gompholobium confertum"
"1159","Leguminosae","Hovea elliptica"
"1160","Leguminosae","Gompholobium knightianum"
"1161","Leguminosae","Hovea chorizemifolia"
"1162","Leguminosae","Acacia extensa"
"1163","Leguminosae","Bossiaea ornata"
"1164","Leguminosae","Gompholobium preissii"
"1165","Leguminosae","Hovea trisperma"
"1166","Leguminosae","Gompholobium ovatum"
"1167","Leguminosae","Gompholobium polymorphum"
"1168","Leguminosae","Sphaerolobium medium"
"1169","Lindsaeaceae","Lindsaea linearis"
"1170","Myrtaceae","Taxandria parviceps"
"1171","Myrtaceae","Eucalyptus marginata"
"1172","Myrtaceae","Melaleuca thymoides"
"1173","Myrtaceae","Hypocalymma angustifolium"
"1174","Myrtaceae","Corymbia calophylla"
"1175","Phyllanthaceae","Poranthera huegelii"
"1176","Pittosporaceae","Billardiera variifolia"
"1177","Poaceae","Neurachne alopecuroidea"
"1178","Poaceae","Amphipogon amphipogonoides"
"1179","Podocarpaceae","Podocarpus drouynianus"
"1180","Polygalaceae","Comesperma calymega"
"1181","Proteaceae","Xylomelum occidentale"
"1182","Proteaceae","Hakea ruscifolia"
"1183","Proteaceae","Banksia grandis"
"1184","Proteaceae","Persoonia longifolia"
"1185","Proteaceae","Hakea amplexicaulis"
"1186","Proteaceae","Grevillea pulchella"
"1187","Proteaceae","Adenanthos barbigerus"
"1188","Proteaceae","Isopogon sphaerocephalus"
"1189","Proteaceae","Petrophile linearis"
"1190","Restionaceae","Loxocarya cinerea"
"1191","Restionaceae","Desmocladus flexuosus"
"1192","Rutaceae","Boronia crenulata"
"1193","Rutaceae","Boronia spathulata"
"1194","Santalaceae","Leptomeria cunninghamii"
"1195","Stylidiaceae","Stylidium scandens"
"1196","Stylidiaceae","Stylidium amoenum"
"1197","Thymelaeaceae","Pimelea rosea"
"1198","Xanthorrhoeaceae","Xanthorrhoea gracilis"
"1199","Zamiaceae","Macrozamia riedlei"
"1200","Loganiaceae","Orianthera serpyllifolia"
"1201","Apiaceae","Pentapeltis silvatica"
"1202","Apiaceae","Xanthosia candida"
"1203","Asparagaceae","Lomandra sericea"
"1204","Celastraceae","Stackhousia monogyna"
"1205","Cyperaceae","Tetraria octandra"
"1206","Dilleniaceae","Hibbertia quadricolor"
"1207","Dilleniaceae","Hibbertia acerosa"
"1208","Ericaceae","Astroloma pallidum"
"1209","Euphorbiaceae","Ricinocarpos glaucus"
"1210","Goodeniaceae","Lechenaultia biloba"
"1211","Haemodoraceae","Conostylis setigera"
"1212","Haemodoraceae","Haemodorum simplex"
"1213","Leguminosae","Acacia obovata"
"1214","Leguminosae","Acacia myrtifolia"
"1215","Leguminosae","Pultenaea brachytropis"
"1216","Poaceae","Ehrharta laevis"
"1217","Proteaceae","Conospermum capitatum"
"1218","Restionaceae","Desmocladus fasciculatus"
"1219","Rutaceae","Boronia gracilipes"
"1220","Stylidiaceae","Stylidium acuminatum"
"1221","Stylidiaceae","Stylidium luteum"
"1222","Thymelaeaceae","Pimelea sylvestris"
"1223","Thymelaeaceae","Pimelea suaveolens"
"1224","Xanthorrhoeaceae","Tricoryne elatior"
"1225","Colchicaceae","Burchardia congesta"
"1226","Elaeocarpaceae","Platytheca galioides"
"1227","Ericaceae","Leucopogon australis"
"1228","Ericaceae","Leucopogon verticillatus"
"1229","Iridaceae","Patersonia occidentalis"
"1230","Leguminosae","Daviesia preissii"
"1231","Leguminosae","Bossiaea linophylla"
"1232","Leguminosae","Acacia tayloriana"
"1233","Leguminosae","Gompholobium marginatum"
"1234","Leguminosae","Bossiaea rufa"
"1235","Malvaceae","Thomasia foliosa"
"1236","Proteaceae","Adenanthos obovatus"
"1237","Proteaceae","Synaphea petiolaris"
"1238","Proteaceae","Dryandra bipinnatifida"
"1239","Proteaceae","Petrophile diversifolia"
"1240","Restionaceae","Hypolaena exsulca"
"1241","Stylidiaceae","Hibbertia racemosa"
"1242","Thymelaeaceae","Pimelea spectabilis"
"1243","Xanthorrhoeaceae","Xanthorrhoea preissii"
"1244","Xanthorrhoeaceae","Johnsonia lupulina"
"1245","Anarthriaceae","Anarthria prolifera"
"1246","Ericaceae","Leucopogon capitellatus"
"1247","Goodeniaceae","Dampiera alata"
"1248","Leguminosae","Kennedia coccinea"
"1249","Leguminosae","Eutaxia virgata"
"1250","Myrtaceae","Eucalyptus megacarpa"
"1251","Olacaceae","Olax benthamiana"
"1252","Proteaceae","Dryandra lindleyana"
"1253","Proteaceae","Hakea prostrata"
"1254","Stylidiaceae","Stylidium spathulatum"
"1255","Xanthorrhoeaceae","Agrostocrinum scabrum"
"1256","Dilleniaceae","Hibbertia hibbertioides"
"1257","Lauraceae","Cassytha racemosa"
"1258","Leguminosae","Acacia alata"
"1259","Leguminosae","Daviesia incrassata"
"1260","Proteaceae","Hakea lissocarpha"
"1261","Asparagaceae","Lomandra drummondii"
"1262","Compositae","Olearia elaeophila"
"1263","Compositae","Trichocline spathulata"
"1264","Elaeocarpaceae","Tetratheca affinis"
"1265","Ericaceae","Astroloma drummondii"
"1266","Ericaceae","Astroloma ciliatum"
"1267","Goodeniaceae","Scaevola striata"
"1268","Iridaceae","Patersonia pygmaea"
"1269","Leguminosae","Labichea punctata"
"1270","Leguminosae","Acacia pulchella"
"1271","Orchidaceae","Pterostylis recurva"
"1272","Pittosporaceae","Billardiera floribunda"
"1273","Pittosporaceae","Billardiera heterophylla"
"1274","Poaceae","Stipa flavescens"
"1275","Proteaceae","Hakea undulata"
"1276","Ranunculaceae","Clematis pubescens"
"1277","Rhamnaceae","Trymalium ledifolium"
"1278","Rubiaceae","Opercularia hispidula"
"1279","Ericaceae","Styphelia tenuiflora"
"1280","Goodeniaceae","Scaevola lanceolata"
"1281","Iridaceae","Patersonia juncea"
"1282","Leguminosae","Gastrolobium bilobum"
"1283","Leguminosae","Chorizema rhombeum"
"1284","Phyllanthaceae","Phyllanthus calycinus"
"1285","Poaceae","Stipa campylachne"
"1286","Xanthorrhoeaceae","Tricoryne humilis"
"1287","Dilleniaceae","Hibbertia diamesogenos"
"1288","Haemodoraceae","Conostylis aculeata"
"1289","Haemodoraceae","Haemodorum paniculatum"
"1290","Leguminosae","Kennedia prostrata"
"1291","Leguminosae","Acacia varia"
"1292","Leguminosae","Gompholobium capitatum"
"1293","Myrtaceae","Babingtonia camphorosmae"
"1294","Myrtaceae","Calytrix flavescens"
"1295","Proteaceae","Petrophile serruriae"
"1296","Rutaceae","Asterolasia pallida"
"1297","Stylidiaceae","Stylidium repens"
"1298","Stylidiaceae","Stylidium brunonianum"
"1299","Cyperaceae","Gahnia trifida"
"1300","Leguminosae","Gompholobium tomentosum"
"1301","Poaceae","Aira cupaniana"
"1302","Polygalaceae","Comesperma virgatum"
"1303","Asparagaceae","Chamaescilla corymbosa"
"1304","Asparagaceae","Lomandra spartea"
"1305","Campanulaceae","Isotoma hypocrateriformis"
"1306","Compositae","Senecio hispidulus"
"1307","Goodeniaceae","Lechenaultia formosa"
"1308","Haemodoraceae","Anigozanthos manglesii"
"1309","Haloragaceae","Glischrocaryon aureum"
"1310","Juncaceae","Luzula meridionalis"
"1311","Amaranthaceae","Ptilotus manglesii"
"1312","Asparagaceae","Sowerbaea laxiflora"
"1313","Goodeniaceae","Velleia trinervis"
"1314","Leguminosae","Kennedia microphylla"
"1315","Stylidiaceae","Levenhookia pusilla"
"1316","Stylidiaceae","Stylidium ciliatum"
"1317","Xanthorrhoeaceae","Dianella revoluta"
"1318","Compositae","Elephantopus tomentosus"
"1319","Cyperaceae","Scleria NA"
"1320","Compositae","Aster dumosus"
"1321","Rosaceae","Potentilla canadensis"
"1322","Leguminosae","Desmodium rotundifolium"
"1323","Rosaceae","Crataegus NA"
"1324","Rubiaceae","Galium NA"
"1325","Dryopteridaceae","Polystichum acrostichoides"
"1326","Hypericaceae ","Hypericum NA"
"1327","Compositae","Eupatorium capillifolium"
"1328","Asteraceae","Chrysopsis NA"
"1329","Euphorbiaceae","Euphorbia NA"
"1330","Amygdaloideae","Prunus NA"
"1331","Leguminosae","Rhynchosia tomentosa"
"1332","Asparagaceae","Yucca NA"
"1333","Cannabaceae","Celtis NA"
"1334","Gentianaceae","Gentiana NA"
"1335","Poaceae","Danthonia NA"
"1336","Smilacaceae","Smilax rotundifolia"
"1337","Rhamnaceae","Berchemia scandens"
"1338","Lygodiaceae","Lygodium japonicum"
"1339","Ericaceae","Chimaphila maculata"
"1340","Ophioglossaceae","Botrychium NA"
"1341","Celastraceae","Euonymus americanus"
"1342","Campanulaceae","Lobelia puberula"
"1343","Compositae","Verbesina occidentalis"
"1344","Leguminosae","Tephrosia hispidula"
"1345","Compositae","Symphyotrichum pilosum"
"1346","Rubiaceae","Galium aparine"
"1347","Convolvulaceae","Ipomoea rubriflora"
"1348","Poaceae","Eragrostis hirsuta"
"1349","Compositae","Erechtites hieracifolia"
"1350","Hamamelidaceae","Hamamelis virginiana"
"1351","Rosaceae","Amelanchier arborea"
